source_row,vendor,transmittal_no,vendor_document_no,project_document_drawing_no,project_doc_no,revision_raw,revision,description,match_status,match_method,match_source_field,matched_document,candidates,reason
6,BAUER INTERNATIONAL QATAR LLC,QT169-DW-001,,4391-MTY-1-G-0071,VEN-4391-MTY-1-12-0002,1,1,"GROUTED WALL, MICRO PILE LAYOUT & SECTION DETAILS DRAWINGS (1 AND 2)-Rev.1",EXACT,EXACT,PROJECT_DOC_NO,VEN-4391-MTY-1-12-0002,,exact match on PROJECT_DOC_NO
7,BAUER INTERNATIONAL QATAR LLC,QT169-OT-001,,BQ-IMS-QT-169/DS-01-B,VEN-4391-MTY-1-12-0002,2,2,DESIGN REPORT: GROUTING FOR SHORING WALL PART-1 NGL-1 Rev.2,EXACT,EXACT,PROJECT_DOC_NO,VEN-4391-MTY-1-12-0002,,exact match on PROJECT_DOC_NO
8,BAUER INTERNATIONAL QATAR LLC,QT169-DW-002,,4391-MTY-1-G-0072,,1,1,GROUTED WALL CAPPING BEAM DETAILS 4391-MTY-1-G-0072 Rev.01,NOT_MATCHED,,,,,no QE document carries any of this row's identifiers
9,BAUER INTERNATIONAL QATAR LLC,QT169-MS-001,,VEN-4391-MTY-1-19-0002,,2,2,Method Statement for Soil Stabilization by Permeation Grouting and Installation of Micro piles VEN-4391-MTY-1-19-0002 Rev.02,EXACT,EXACT,PROJECT_DOCUMENT_DRAWING_NO,VEN-4391-MTY-1-19-0002,,exact match on PROJECT_DOCUMENT_DRAWING_NO
10,BAUER INTERNATIONAL QATAR LLC,QT169-MS-001,,VEN-4391-MTY-1-19-0002,VEN-4391-MTY-1-12-0002,3,3,Method Statement for Soil Stabilization by Permeation Grouting and Installation of Micro piles VEN-4391-MTY-1-19-0002 Rev.03,EXACT,EXACT,PROJECT_DOCUMENT_DRAWING_NO,VEN-4391-MTY-1-19-0002,,exact match on PROJECT_DOCUMENT_DRAWING_NO
11,DANEM,DEW-5718-T-001,4391-MOM-DANEM-0001,-,,0,0,KICK OFF MEETING MINUTES FOR STORAGE TANKS WORKS,NOT_MATCHED,,,,,no QE document carries any of this row's identifiers
12,DANEM,DEW-5718-T-002,DEW-5718-PP-001,-,,0,0,PLANNING PACKAGE,NOT_MATCHED,,,,,no QE document carries any of this row's identifiers
13,DANEM,DEW-5718-T-003,DEW-PQP-00001,-,,0,0,PROJECT QUALITY PLAN,NOT_MATCHED,,,,,no QE document carries any of this row's identifiers
14,DANEM,DEW-5718-T-004,DEW-5718-ORG-PM-001,-,,0,0,ORGANISATION CHART,NOT_MATCHED,,,,,no QE document carries any of this row's identifiers
15,DANEM,DEW-5718-T-005,DEW-MG-QAQC-ORG-001,-,,0,0,QA/QC ORGANISATION CHART,NOT_MATCHED,,,,,no QE document carries any of this row's identifiers
16,DANEM,DEW-5718-T-006,DEW-CP-00001,-,,0,0,COMMUNICATION PROTOCOL,NOT_MATCHED,,,,,no QE document carries any of this row's identifiers
17,DANEM,DEW-5718-T-007,DEW-CV-00001,-,,0,0,CVs of Key Personnel (11 nos.),NOT_MATCHED,,,,,no QE document carries any of this row's identifiers
18,DANEM,DEW-5718-T-008,5618-STNGL-DANEM-EPE-SCA-001,-,,-,,Subcontract Agreement for Engergoprojekt Entel LTD,NOT_MATCHED,,,,,no QE document carries any of this row's identifiers
19,DANEM,DEW-5718-T-009,DEW-PQP-00001,-,,1,1,PROJECT QUALITY PLAN Rev-1,NOT_MATCHED,,,,,no QE document carries any of this row's identifiers
20,BAUER INTERNATIONAL QATAR LLC,QT169-OT-002,,BQ/IMS/QT-169/DS-02,,0,0,Verification of Grouting Wall for Total Normal Stresses,NOT_MATCHED,,,,,no QE document carries any of this row's identifiers
21,DANEM,DEW-5718-T-010,DEW-5718-MS-001,-,,0,0,Method Statement for the Erection of Site Assembled Tank,NOT_MATCHED,,,,,no QE document carries any of this row's identifiers
22,DANEM,DEW-5718-T-011,DEW-PQP-00001,VEN-4391-MTY-0-04-0001,,2,2,"PROJECT QUALITY PLAN FOR ENGINEERING, PROCUREMENT, INSTALLATION, CONSTRUCTION, PRE-COMMISSIONING, COMMISSIONING, STARTUP, AND PERFORMANCE TESTING OF TANKS-Rev.2",EXACT,EXACT,PROJECT_DOCUMENT_DRAWING_NO,VEN-4391-MTY-0-04-0001,,exact match on PROJECT_DOCUMENT_DRAWING_NO
23,DANEM,DEW-5718-T-012,4391-MOM-DANEM-0002,-,,0,0,WEEKLY PROGRESS MEETING MINUTES DANEM ENGINEERING – STORAGE TANKS WORK,NOT_MATCHED,,,,,no QE document carries any of this row's identifiers
24,DANEM,DEW-5718-T-013,4391-MEWTP-5-17-4001,-,,0,0,TANK DESIGN CALCULATION REPORT FOR T-8952 A/B,NOT_MATCHED,,,,,no QE document carries any of this row's identifiers
25,DANEM,DEW-5718-T-014,DEW-5718-TDC01/02/03,-,,0,0,TECHNICAL DELIVERY CONDITION,NOT_MATCHED,,,,,no QE document carries any of this row's identifiers
26,DANEM,DEW-5718-T-015,DEW-5718-FT-01,-,,0,0,FERRITE TEST PROCEDURE,NOT_MATCHED,,,,,no QE document carries any of this row's identifiers
27,DANEM,DEW-5718-T-015,DEW-5718-HT-01,-,,0,0,HARDNESS EXAMINATION PROCEDURE,NOT_MATCHED,,,,,no QE document carries any of this row's identifiers
28,DANEM,DEW-5718-T-015,DEW-5718-LPE-01,-,,0,0,LIQUID PENETRANT EXAMINATION PROCEDURE,NOT_MATCHED,,,,,no QE document carries any of this row's identifiers
29,DANEM,DEW-5718-T-015,DEW-5718-MPE-01,-,,0,0,MAGNETIC PARTICLE EXAMINATION PROCEDURE,NOT_MATCHED,,,,,no QE document carries any of this row's identifiers
30,DANEM,DEW-5718-T-015,DEW-5718-OP-01,-,,0,0,OIL AND CHALK TEST PROCEDURE,NOT_MATCHED,,,,,no QE document carries any of this row's identifiers
31,DANEM,DEW-5718-T-015,DEW-5718-PMI-01,-,,0,0,PROCEDURE FOR POSITIVE MATERIAL IDENTIFICATION,NOT_MATCHED,,,,,no QE document carries any of this row's identifiers
32,DANEM,DEW-5718-T-015,DEW-5718-PWHT-01,-,,0,0,PRE & POST WELD HEAT TREATMENT EXAMINATION PROCEDURE,NOT_MATCHED,,,,,no QE document carries any of this row's identifiers
33,DANEM,DEW-5718-T-015,DEW-5718-RT-01,-,,0,0,RADIOGRAPHIC EXAMINATION PROCEDURE FOR GAMMA RAY & X-RAY,NOT_MATCHED,,,,,no QE document carries any of this row's identifiers
34,DANEM,DEW-5718-T-015,DEW-5718-UT-01,-,,0,0,ULTRASONIC EXAMINATION PROCEDURE,NOT_MATCHED,,,,,no QE document carries any of this row's identifiers
35,DANEM,DEW-5718-T-015,DEW-5718-VBT-01,-,,0,0,VACUUM BOX LEAK TEST PROCEDURE,NOT_MATCHED,,,,,no QE document carries any of this row's identifiers
36,DANEM,DEW-5718-T-016,DEW-5718-HIC-01,VEN-4391-MTY-5-19-0001,,0,0,METHOD STATEMENT FOR HYDROGEN INDUCED CRACKING (HIC) AS PER NACE TM0284 (M/S LONESTAR),EXACT,EXACT,PROJECT_DOCUMENT_DRAWING_NO,VEN-4391-MTY-5-19-0001,,exact match on PROJECT_DOCUMENT_DRAWING_NO
37,DANEM,DEW-5718-T-017,4391-MOM-DANEM-0003,-,,0,0,WEEKLY PROGRESS MEETING MINUTES DANEM ENGINEERING-STORAGE TANKS WORKS,NOT_MATCHED,,,,,no QE document carries any of this row's identifiers
38,DANEM,DEW-5718-T-018,DEW-5718-NDE-CV-001,-,,0,0,NDT PERSONEL QUALIFICATION,NOT_MATCHED,,,,,no QE document carries any of this row's identifiers
39,DANEM,DEW-5718-T-019,ENG-TQ-001,-,,0,0,TQ FOR NOZZLE ORIENTATION T-8952A/B / ROOF PLATFORM,NOT_MATCHED,,,,,no QE document carries any of this row's identifiers
40,DANEM,DEW-5718-T-019,ENG-TQ-002,-,,0,0,TQ FOR BOTTOM SUMP PIT FOR T-8952,NOT_MATCHED,,,,,no QE document carries any of this row's identifiers
41,DANEM,DEW-5718-T-020,4391-MEWTP-5-17-4001,VEN-4391-MEWTP-5-12-0001,,1,1,TANK DESIGN CALCULATION REPORT FOR T-8952 A/B,EXACT,EXACT,PROJECT_DOCUMENT_DRAWING_NO,VEN-4391-MEWTP-5-12-0001,,exact match on PROJECT_DOCUMENT_DRAWING_NO
42,DANEM,DEW-5718-T-021,DEW-5718-TDC01/02/03,-,,1,1,TECHNICAL DELIVERY CONDITION,NOT_MATCHED,,,,,no QE document carries any of this row's identifiers
43,DANEM,DEW-5718-T-022,4391-MEWTP-0-00-0001,-,,0,0,EDDR FOR STORAGE TANK (ENERGOPROJEKT ENTEL LTD),NOT_MATCHED,,,,,no QE document carries any of this row's identifiers
44,DANEM,DEW-5718-T-022,DEW-5718-VDRL-01,-,,0,0,VENDOR DOCUMENT REGISTER LIST,NOT_MATCHED,,,,,no QE document carries any of this row's identifiers
45,DANEM,DEW-5718-T-023,4391-MOM-DANEM-0004,-,,0,0,WEEKLY PROGRESS MEETING MINUTES DANEM ENGINEERING – STORAGE TANKS WORK,NOT_MATCHED,,,,,no QE document carries any of this row's identifiers
46,DANEM,DEW-5718-T-024,DEW-5718-TDC01/02/03,-,,2,2,TECHNICAL DELIVERY CONDITION,NOT_MATCHED,,,,,no QE document carries any of this row's identifiers
47,DANEM,DEW-5718-T-025,DEW-5718-FT-01,-,,1,1,FERRITE TEST PROCEDURE,NOT_MATCHED,,,,,no QE document carries any of this row's identifiers
48,DANEM,DEW-5718-T-025,DEW-5718-HT-01,-,,1,1,HARDNESS EXAMINATION PROCEDURE,NOT_MATCHED,,,,,no QE document carries any of this row's identifiers
49,DANEM,DEW-5718-T-025,DEW-5718-LPE-01,-,,1,1,LIQUID PENETRANT EXAMINATION PROCEDURE,NOT_MATCHED,,,,,no QE document carries any of this row's identifiers
50,DANEM,DEW-5718-T-025,DEW-5718-MPE-01,-,,1,1,MAGNETIC PARTICLE EXAMINATION PROCEDURE,NOT_MATCHED,,,,,no QE document carries any of this row's identifiers
51,DANEM,DEW-5718-T-025,DEW-5718-OP-01,-,,1,1,OIL AND CHALK TEST PROCEDURE,NOT_MATCHED,,,,,no QE document carries any of this row's identifiers
52,DANEM,DEW-5718-T-025,DEW-5718-PMI-01,-,,1,1,PROCEDURE FOR POSITIVE MATERIAL IDENTIFICATION,NOT_MATCHED,,,,,no QE document carries any of this row's identifiers
53,DANEM,DEW-5718-T-025,DEW-5718-PWHT-01,-,,1,1,PRE & POST WELD HEAT TREATMENT EXAMINATION PROCEDURE,NOT_MATCHED,,,,,no QE document carries any of this row's identifiers
54,DANEM,DEW-5718-T-025,DEW-5718-RT-01,-,,1,1,RADIOGRAPHIC EXAMINATION PROCEDURE FOR GAMMA RAY & X-RAY,NOT_MATCHED,,,,,no QE document carries any of this row's identifiers
55,DANEM,DEW-5718-T-025,DEW-5718-UT-01,-,,1,1,ULTRASONIC EXAMINATION PROCEDURE,NOT_MATCHED,,,,,no QE document carries any of this row's identifiers
56,DANEM,DEW-5718-T-025,DEW-5718-VBT-01,-,,1,1,VACUUM BOX LEAK TEST PROCEDURE,NOT_MATCHED,,,,,no QE document carries any of this row's identifiers
57,DANEM,DEW-5718-T-026,DEW-5718-NDE-CV-001,VEN-4391-MEWTP-5-05-0013,,1,1,NDT PERSONEL QUALIFICATION,EXACT,EXACT,PROJECT_DOCUMENT_DRAWING_NO,VEN-4391-MEWTP-5-05-0013,,exact match on PROJECT_DOCUMENT_DRAWING_NO
58,DANEM,DEW-5718-T-027,4391-MOM-DANEM-0005,-,,0,0,WEEKLY PROGRESS MEETING MINUTES-0005 DANEM ENGINEERING – STORAGE TANKS WORK,NOT_MATCHED,,,,,no QE document carries any of this row's identifiers
59,DANEM,DEW-5718-T-028,DEW-5718-MTC-01,-,,0,0,MATERIAL TEST CERTIFICATE (MTC) FOR 8MM & 12MM PLATE,NOT_MATCHED,,,,,no QE document carries any of this row's identifiers
60,DANEM,DEW-5718-T-029,DEW-5718-ITP-01,-,,0,0,INSPECTION AND TEST PLAN FOR PRE-FABRICATION & ERECTION OF STORAGE TANKS,NOT_MATCHED,,,,,no QE document carries any of this row's identifiers
61,DANEM,DEW-5718-T-030,4391-MOM-DANEM-0006,-,,0,0,WEEKLY PROGRESS MEETING MINUTES-0006 DANEM ENGINEERING-STORAGE TANKS WORK,NOT_MATCHED,,,,,no QE document carries any of this row's identifiers
62,DANEM,DEW-5718-T-031,EMAIL 06-08-2023,-,,0,0,"FOUNDATION LOAD DATA FOR T8948, T8949, T8950, T8952",NOT_MATCHED,,,,,no QE document carries any of this row's identifiers
63,DANEM,DEW-5718-T-032,DEW-5718-FT-01,VEN-4391-MEWTP-5-05-0014,,2,2,FERRITE TEST PROCEDURE FOR TANK WORKS-M/S QIS,EXACT,EXACT,PROJECT_DOCUMENT_DRAWING_NO,VEN-4391-MEWTP-5-05-0014,,exact match on PROJECT_DOCUMENT_DRAWING_NO
64,DANEM,DEW-5718-T-032,DEW-5718-HT-01,VEN-4391-MEWTP-5-05-0015,,2,2,HARDNESS EXAMINATION PROCEDURE FOR TANK WORKS-M/S QIS,EXACT,EXACT,PROJECT_DOCUMENT_DRAWING_NO,VEN-4391-MEWTP-5-05-0015,,exact match on PROJECT_DOCUMENT_DRAWING_NO
65,DANEM,DEW-5718-T-032,DEW-5718-LPE-01,VEN-4391-MEWTP-5-05-0016,,2,2,LIQUID PENETRANT EXAMINATION PROCEDURE FOR TANK WORKS-M/S QIS,EXACT,EXACT,PROJECT_DOCUMENT_DRAWING_NO,VEN-4391-MEWTP-5-05-0016,,exact match on PROJECT_DOCUMENT_DRAWING_NO
66,DANEM,DEW-5718-T-032,DEW-5718-MPE-01,VEN-4391-MEWTP-5-05-0017,,2,2,MAGNETIC PARTICLE EXAMINATION PROCEDURE FOR TANK WORKS-M/S QIS,EXACT,EXACT,PROJECT_DOCUMENT_DRAWING_NO,VEN-4391-MEWTP-5-05-0017,,exact match on PROJECT_DOCUMENT_DRAWING_NO
67,DANEM,DEW-5718-T-032,DEW-5718-OP-01,VEN-4391-MEWTP-5-05-0018,,2,2,OIL AND CHALK TEST PROCEDURE FOR TANK WORKS-M/S QIS,EXACT,EXACT,PROJECT_DOCUMENT_DRAWING_NO,VEN-4391-MEWTP-5-05-0018,,exact match on PROJECT_DOCUMENT_DRAWING_NO
68,DANEM,DEW-5718-T-032,DEW-5718-PMI-01,VEN-4391-MEWTP-5-05-0019,,2,2,PROCEDURE FOR POSITIVE MATERIAL IDENTIFICATION FOR TANK WORKS-M/S QIS,EXACT,EXACT,PROJECT_DOCUMENT_DRAWING_NO,VEN-4391-MEWTP-5-05-0019,,exact match on PROJECT_DOCUMENT_DRAWING_NO
69,DANEM,DEW-5718-T-032,DEW-5718-PWHT-01,VEN-4391-MEWTP-5-05-0020,,2,2,PRE & POST WELD HEAT TREATMENT EXAMINATION PROCEDURE FOR TANK WORKS-M/S QIS,EXACT,EXACT,PROJECT_DOCUMENT_DRAWING_NO,VEN-4391-MEWTP-5-05-0020,,exact match on PROJECT_DOCUMENT_DRAWING_NO
70,DANEM,DEW-5718-T-032,DEW-5718-RT-01,VEN-4391-MEWTP-5-05-0021,,2,2,RADIOGRAPHIC EXAMINATION PROCEDURE FOR GAMMA RAY & X-RAY FOR TANK WORKS-M/S QIS,EXACT,EXACT,PROJECT_DOCUMENT_DRAWING_NO,VEN-4391-MEWTP-5-05-0021,,exact match on PROJECT_DOCUMENT_DRAWING_NO
71,DANEM,DEW-5718-T-032,DEW-5718-UT-01,VEN-4391-MEWTP-5-05-0022,,2,2,ULTRASONIC EXAMINATION PROCEDURE FOR TANK WORKS-M/S QIS,EXACT,EXACT,PROJECT_DOCUMENT_DRAWING_NO,VEN-4391-MEWTP-5-05-0022,,exact match on PROJECT_DOCUMENT_DRAWING_NO
72,DANEM,DEW-5718-T-032,DEW-5718-VBT-01,VEN-4391-MEWTP-5-05-0023,,2,2,VACUUM BOX LEAK TEST PROCEDURE FOR TANK WORKS-M/S QIS,EXACT,EXACT,PROJECT_DOCUMENT_DRAWING_NO,VEN-4391-MEWTP-5-05-0023,,exact match on PROJECT_DOCUMENT_DRAWING_NO
73,DANEM,DEW-5718-T-033,DEW-5718-VDRL-01,VEN-4391-MEWTP-0-00-0009,,1,1,VENDOR DOCUMENT REGISTER LIST,EXACT,EXACT,PROJECT_DOCUMENT_DRAWING_NO,VEN-4391-MEWTP-0-00-0009,,exact match on PROJECT_DOCUMENT_DRAWING_NO
74,DANEM,-,Nozzle Orientation T-8950A,-,,-,,Piping Mechanical - Nozzle Orientation Drawing - 4391 EPIC for NEWTP,NOT_MATCHED,,,,,no QE document carries any of this row's identifiers
75,DANEM,DEW-5718-T-034,DEW-5718-PP-001,-,,1,1,PLANNING PACKAGE,NOT_MATCHED,,,,,no QE document carries any of this row's identifiers
76,DANEM,UNI-DOC-0001,DEW-5718-MS-001,VEN-4391-MEWTP-6-59-0001,SUBMITTED TO QE,0,0,BLOCK FLOW DIAGRAM,EXACT,EXACT,PROJECT_DOCUMENT_DRAWING_NO,VEN-4391-MEWTP-6-59-0001,,exact match on PROJECT_DOCUMENT_DRAWING_NO
77,UNIDRO,UNI-DOC-0001,4391-MEWTP-0-00-0001,VEN-4391-MEWTP-6-59-0002,SUBMITTED TO QE,0,0,PROCESS FLOW DIAGRAM WITH MASS BALANCE,EXACT,EXACT,PROJECT_DOCUMENT_DRAWING_NO,VEN-4391-MEWTP-6-59-0002,,exact match on PROJECT_DOCUMENT_DRAWING_NO
78,UNIDRO,UNI-DOC-0001,4391-5-TDR-0001,VEN-4391-MEWTP-6-05-0001,SUBMITTED TO QE,0,0,PROCESS DESCRIPTION,EXACT,EXACT,PROJECT_DOCUMENT_DRAWING_NO,VEN-4391-MEWTP-6-05-0001,,exact match on PROJECT_DOCUMENT_DRAWING_NO
79,UNIDRO,UNI-DOC-0001,1410-00-A211-01,VEN-4391-MEWTP-6-50-0002,SUBMITTED TO QE,0,0,PIPING AND INSTRUMENTATION DIAGRAMS,EXACT,EXACT,PROJECT_DOCUMENT_DRAWING_NO,VEN-4391-MEWTP-6-50-0002,,exact match on PROJECT_DOCUMENT_DRAWING_NO
80,UNIDRO,UNI-DOC-0001,1410-00-A411-01,VEN-4391-MEWTP-5-50-0001,SUBMITTED TO QE,0,0,PLOT PLAN,EXACT,EXACT,PROJECT_DOCUMENT_DRAWING_NO,VEN-4391-MEWTP-5-50-0001,,exact match on PROJECT_DOCUMENT_DRAWING_NO
81,UNIDRO,UNI-DOC-0001,1410-00-A412-01,VEN-4391-MEWTP-5-36-0001,,0,0,TIE-IN LIST,NOT_MATCHED,,,,,no QE document carries any of this row's identifiers
82,UNIDRO,UNI-DOC-0001,1410-00-B121-01,VEN-4391-MEWTP-5-14-0003,SUBMITTED TO QE Change in Doc no. as per TEN,0,0,PIPING CLASSES,EXACT,EXACT,PROJECT_DOCUMENT_DRAWING_NO,VEN-4391-MEWTP-5-14-0003,,exact match on PROJECT_DOCUMENT_DRAWING_NO
83,UNIDRO,UNI-DOC-0001,1410-00-D111-01,VEN-4391-MEWTP-5-13-0001,SUBMITTED TO QE,0,0,PRESSURE VESSELS DATASHEET - AIR SATURATION VESSELS,EXACT,EXACT,PROJECT_DOCUMENT_DRAWING_NO,VEN-4391-MEWTP-5-13-0001,,exact match on PROJECT_DOCUMENT_DRAWING_NO
84,UNIDRO,UNI-DOC-0001,1410-00-D111-02,VEN-4391-MEWTP-5-13-0002,SUBMITTED TO QE,0,0,PRESSURE VESSELS DATASHEET - MULTIMEDIA FILTERS,EXACT,EXACT,PROJECT_DOCUMENT_DRAWING_NO,VEN-4391-MEWTP-5-13-0002,,exact match on PROJECT_DOCUMENT_DRAWING_NO
85,UNIDRO,UNI-DOC-0001,1410-00-D111-03,VEN-4391-MEWTP-5-13-0003,SUBMITTED TO QE,0,0,PRESSURE VESSELS DATASHEET - ACTIVATED CARBON FILTERS,EXACT,EXACT,PROJECT_DOCUMENT_DRAWING_NO,VEN-4391-MEWTP-5-13-0003,,exact match on PROJECT_DOCUMENT_DRAWING_NO
86,UNIDRO,UNI-DOC-0001,1410-00-D111-04,VEN-4391-MEWTP-5-13-0004,SUBMITTED TO QE,0,0,PRESSURE VESSELS DATASHEET - OFF-GAS DRUM,EXACT,EXACT,PROJECT_DOCUMENT_DRAWING_NO,VEN-4391-MEWTP-5-13-0004,,exact match on PROJECT_DOCUMENT_DRAWING_NO
87,UNIDRO,UNI-DOC-0001,1410-00-D211-01,VEN-4391-MEWTP-5-13-0005,SUBMITTED TO QE,0,0,ATMOSPHERIC TANK DATASHEET - OIL STORAGE TANK,EXACT,EXACT,PROJECT_DOCUMENT_DRAWING_NO,VEN-4391-MEWTP-5-13-0005,,exact match on PROJECT_DOCUMENT_DRAWING_NO
88,UNIDRO,UNI-DOC-0001,1410-00-D211-02,VEN-4391-MEWTP-5-13-0006,SUBMITTED TO QE,0,0,ATMOSPHERIC TANK DATASHEET - DAF UNITS,EXACT,EXACT,PROJECT_DOCUMENT_DRAWING_NO,VEN-4391-MEWTP-5-13-0006,,exact match on PROJECT_DOCUMENT_DRAWING_NO
89,UNIDRO,UNI-DOC-0001,1410-00-D211-03,VEN-4391-MEWTP-5-13-0007,SUBMITTED TO QE,0,0,ATMOSPHERIC TANK DATASHEET - OILY SLUDGE HOLDING TANK,EXACT,EXACT,PROJECT_DOCUMENT_DRAWING_NO,VEN-4391-MEWTP-5-13-0007,,exact match on PROJECT_DOCUMENT_DRAWING_NO
90,UNIDRO,UNI-DOC-0001,1410-00-D211-04,VEN-4391-MEWTP-5-13-0010,SUBMITTED TO QE,0,0,ATMOSPHERIC TANK DATASHEET - BIOLOGICAL SLUDGE THICKENER,EXACT,EXACT,PROJECT_DOCUMENT_DRAWING_NO,VEN-4391-MEWTP-5-13-0010,,exact match on PROJECT_DOCUMENT_DRAWING_NO
91,UNIDRO,UNI-DOC-0001,1410-00-D211-06,VEN-4391-MEWTP-5-13-0012,SUBMITTED TO QE,0,0,ATMOSPHERIC TANK DATASHEET - BACKWASH STORAGE TANK,EXACT,EXACT,PROJECT_DOCUMENT_DRAWING_NO,VEN-4391-MEWTP-5-13-0012,,exact match on PROJECT_DOCUMENT_DRAWING_NO
92,UNIDRO,UNI-DOC-0001,1410-00-D211-07,VEN-4391-MEWTP-5-13-0013,SUBMITTED TO QE,0,0,ATMOSPHERIC TANK DATASHEET - ORG-S STORAGE TANK,EXACT,EXACT,PROJECT_DOCUMENT_DRAWING_NO,VEN-4391-MEWTP-5-13-0013,,exact match on PROJECT_DOCUMENT_DRAWING_NO
93,UNIDRO,UNI-DOC-0001,1410-00-D211-08,VEN-4391-MEWTP-5-13-0014,SUBMITTED TO QE,0,0,ATMOSPHERIC TANK DATASHEET - COAGULANT STORAGE TANK,EXACT,EXACT,PROJECT_DOCUMENT_DRAWING_NO,VEN-4391-MEWTP-5-13-0014,,exact match on PROJECT_DOCUMENT_DRAWING_NO
94,UNIDRO,UNI-DOC-0001,1410-00-D211-09,VEN-4391-MEWTP-5-13-0015,SUBMITTED TO QE,0,0,ATMOSPHERIC TANK DATASHEET - HYDROCHLORIC ACID STORAGE TANK,EXACT,EXACT,PROJECT_DOCUMENT_DRAWING_NO,VEN-4391-MEWTP-5-13-0015,,exact match on PROJECT_DOCUMENT_DRAWING_NO
95,UNIDRO,UNI-DOC-0001,1410-00-D211-10,VEN-4391-MEWTP-5-13-0016,SUBMITTED TO QE,0,0,ATMOSPHERIC TANK DATASHEET - HYDROCHLORIC ACID FUME TRAP,EXACT,EXACT,PROJECT_DOCUMENT_DRAWING_NO,VEN-4391-MEWTP-5-13-0016,,exact match on PROJECT_DOCUMENT_DRAWING_NO
96,UNIDRO,UNI-DOC-0001,1410-00-D211-11,VEN-4391-MEWTP-5-13-0017,SUBMITTED TO QE,0,0,ATMOSPHERIC TANK DATASHEET - POTASSIUM HYDROXIDE STORAGE TANK TO DAF,EXACT,EXACT,PROJECT_DOCUMENT_DRAWING_NO,VEN-4391-MEWTP-5-13-0017,,exact match on PROJECT_DOCUMENT_DRAWING_NO
97,UNIDRO,UNI-DOC-0001,1410-00-D211-12,VEN-4391-MEWTP-5-13-0018,SUBMITTED TO QE,0,0,ATMOSPHERIC TANK DATASHEET - POTASSIUM HYDROXIDE STORAGE TANK TO BIO,EXACT,EXACT,PROJECT_DOCUMENT_DRAWING_NO,VEN-4391-MEWTP-5-13-0018,,exact match on PROJECT_DOCUMENT_DRAWING_NO
98,UNIDRO,UNI-DOC-0001,1410-00-D211-13,VEN-4391-MEWTP-5-13-0019,SUBMITTED TO QE,0,0,ATMOSPHERIC TANK DATASHEET - FLOCCULANT PREPARATION TANK TO DAF,EXACT,EXACT,PROJECT_DOCUMENT_DRAWING_NO,VEN-4391-MEWTP-5-13-0019,,exact match on PROJECT_DOCUMENT_DRAWING_NO
99,UNIDRO,UNI-DOC-0001,1410-00-D211-14,VEN-4391-MEWTP-5-13-0020,SUBMITTED TO QE,0,0,ATMOSPHERIC TANK DATASHEET - PHOSPHORIC ACID STORAGE TANK,EXACT,EXACT,PROJECT_DOCUMENT_DRAWING_NO,VEN-4391-MEWTP-5-13-0020,,exact match on PROJECT_DOCUMENT_DRAWING_NO
100,UNIDRO,UNI-DOC-0001,1410-00-D211-15,VEN-4391-MEWTP-5-13-0021,SUBMITTED TO QE,0,0,ATMOSPHERIC TANK DATASHEET - ACETIC ACID STORAGE TANK,EXACT,EXACT,PROJECT_DOCUMENT_DRAWING_NO,VEN-4391-MEWTP-5-13-0021,,exact match on PROJECT_DOCUMENT_DRAWING_NO
101,UNIDRO,UNI-DOC-0001,1410-00-D211-16,VEN-4391-MEWTP-5-13-0022,SUBMITTED TO QE,0,0,ATMOSPHERIC TANK DATASHEET - UREA STORAGE TANK,EXACT,EXACT,PROJECT_DOCUMENT_DRAWING_NO,VEN-4391-MEWTP-5-13-0022,,exact match on PROJECT_DOCUMENT_DRAWING_NO
102,UNIDRO,UNI-DOC-0001,1410-00-D211-17,VEN-4391-MEWTP-5-13-0023,SUBMITTED TO QE,0,0,ATMOSPHERIC TANK DATASHEET - SODIUM HYPOCHLORITE STORAGE TANK,EXACT,EXACT,PROJECT_DOCUMENT_DRAWING_NO,VEN-4391-MEWTP-5-13-0023,,exact match on PROJECT_DOCUMENT_DRAWING_NO
103,UNIDRO,UNI-DOC-0001,1410-00-L111-01,VEN-4391-MEWTP-0-00-0001,,0,0,VENDOR DOCUMENT INDEX,NOT_MATCHED,,,,,no QE document carries any of this row's identifiers
104,UNIDRO,UNI-DOC-0001,1410-00-L211-01,VEN-4391-MEWTP-5-30-0001,SUBMITTED TO QE,0,0,EQUIPMENT LIST,EXACT,EXACT,PROJECT_DOCUMENT_DRAWING_NO,VEN-4391-MEWTP-5-30-0001,,exact match on PROJECT_DOCUMENT_DRAWING_NO
105,UNIDRO,UNI-DOC-0001,1410-00-M111-01,VEN-4391-MEWTP-5-13-0028,SUBMITTED TO QE,0,0,ROTATING EQUIPMENT DATASHEET - CENTRIFUGAL PUMPS,EXACT,EXACT,PROJECT_DOCUMENT_DRAWING_NO,VEN-4391-MEWTP-5-13-0028,,exact match on PROJECT_DOCUMENT_DRAWING_NO
106,UNIDRO,UNI-DOC-0001,1410-00-M111-02,VEN-4391-MEWTP-5-13-0029,SUBMITTED TO QE,0,0,ROTATING EQUIPMENT DATASHEET - DOSING PUMPS,EXACT,EXACT,PROJECT_DOCUMENT_DRAWING_NO,VEN-4391-MEWTP-5-13-0029,,exact match on PROJECT_DOCUMENT_DRAWING_NO
107,UNIDRO,UNI-DOC-0001,1410-00-M111-03,VEN-4391-MEWTP-5-13-0030,SUBMITTED TO QE,0,0,ROTATING EQUIPMENT DATASHEET - SCREW PUMPS,EXACT,EXACT,PROJECT_DOCUMENT_DRAWING_NO,VEN-4391-MEWTP-5-13-0030,,exact match on PROJECT_DOCUMENT_DRAWING_NO
108,UNIDRO,UNI-DOC-0001,1410-00-M111-08,VEN-4391-MEWTP-5-13-0039,SUBMITTED TO QE,0,0,ROTATING EQUIPMENT DATASHEET - DECANTERS,EXACT,EXACT,PROJECT_DOCUMENT_DRAWING_NO,VEN-4391-MEWTP-5-13-0039,,exact match on PROJECT_DOCUMENT_DRAWING_NO
109,UNIDRO,UNI-DOC-0001,1410-00-M999-01,VEN-4391-MEWTP-5-17-0004,SUBMITTED TO QE,0,0,PUMP SELECTION REPORT,EXACT,EXACT,PROJECT_DOCUMENT_DRAWING_NO,VEN-4391-MEWTP-5-17-0004,,exact match on PROJECT_DOCUMENT_DRAWING_NO
110,UNIDRO,UNI-DOC-0001,1410-00-N111-01,VEN-4391-MEWTP-0-05-0001,SUBMITTED TO QE,0,0,PAINTING SCHEDULE AND PROCEDURE,EXACT,EXACT,PROJECT_DOCUMENT_DRAWING_NO,VEN-4391-MEWTP-0-05-0001,,exact match on PROJECT_DOCUMENT_DRAWING_NO
111,UNIDRO,UNI-DOC-0001,1410-00-P111-01,VEN-4391-MEWTP-0-04-0001,SUBMITTED TO QE,0,0,PROJECT SCHEDULE,EXACT,EXACT,PROJECT_DOCUMENT_DRAWING_NO,VEN-4391-MEWTP-0-04-0001,,exact match on PROJECT_DOCUMENT_DRAWING_NO
112,UNIDRO,UNI-DOC-0001,1410-00-Q144-02,VEN-4391-MEWTP-5-69-0019,SUBMITTED TO QE,0,0,WELDING BOOK - STEEL STRUCTURES,EXACT,EXACT,PROJECT_DOCUMENT_DRAWING_NO,VEN-4391-MEWTP-5-69-0019,,exact match on PROJECT_DOCUMENT_DRAWING_NO
113,UNIDRO,UNI-DOC-0001,1410-00-Q231-03,VEN-4391-MEWTP-5-05-0003,SUBMITTED TO QE,0,0,HYDROSTATIC TEST PROCEDURE - PREFABRICATED PIPING,EXACT,EXACT,PROJECT_DOCUMENT_DRAWING_NO,VEN-4391-MEWTP-5-05-0003,,exact match on PROJECT_DOCUMENT_DRAWING_NO
114,UNIDRO,UNI-DOC-0001,1410-00-Q301-01,VEN-4391-MEWTP-5-05-0004,SUBMITTED TO QE,0,0,NDE PROCEDURES - PREFABRICATED PIPING AND STEEL STRUCTURES,EXACT,EXACT,PROJECT_DOCUMENT_DRAWING_NO,VEN-4391-MEWTP-5-05-0004,,exact match on PROJECT_DOCUMENT_DRAWING_NO
115,DANEM,DEW-5718-T-035,DEW-5718-MS-001,-,,1,1,METHOD STATEMENT FOR THE ERECTION OF SITE ASSEMBLED TANK,NOT_MATCHED,,,,,no QE document carries any of this row's identifiers
116,DANEM,DEW-5718-T-036,4391-MEWTP-0-00-0001,-,,0,0,EDDR FOR STORAGE TANK (ENERGOPROJEKT ENTEL LTD),NOT_MATCHED,,,,,no QE document carries any of this row's identifiers
117,DANEM,DEW-5718-T-037,-,4391-5-TDR-0001,SUBMITTED TO QE,0,0,TECHNICAL DEVIATION REQUEST (TDR) FORM – External Deviation (EPIC),EXACT,EXACT,PROJECT_DOCUMENT_DRAWING_NO,4391-5-TDR-0001,,exact match on PROJECT_DOCUMENT_DRAWING_NO
118,DANEM,DEW-5718-T-038,4391-MOM-DANEM-0007,-,,0,0,WEEKLY PROGRESS MEETING MINUTES-0007 DANEM ENGINEERING – STORAGE TANKS WORKS,NOT_MATCHED,,,,,no QE document carries any of this row's identifiers
119,DANEM,DEW-5718-T-039,4391-MOM-DANEM-0008,-,,0,0,WEEKLY PROGRESS MEETING MINUTES-0008 DANEM ENGINEERING – STORAGE TANKS WORKS,NOT_MATCHED,,,,,no QE document carries any of this row's identifiers
120,DANEM,DEW-5718-T-040,,VEN-4391-MEWTP-5-25-0001,,0,0,INSPECTION AND TEST PLAN FOR PRE-FABRICATION & ERECTION OF STORAGE TANK,EXACT,EXACT,PROJECT_DOCUMENT_DRAWING_NO,VEN-4391-MEWTP-5-25-0001,,exact match on PROJECT_DOCUMENT_DRAWING_NO
121,DANEM,DEW-5718-T-041,,VEN-4391-MEWTP-3-04-0005,,0,0,PROJECT HSE PLAN,EXACT,EXACT,PROJECT_DOCUMENT_DRAWING_NO,VEN-4391-MEWTP-3-04-0005,,exact match on PROJECT_DOCUMENT_DRAWING_NO
122,DANEM,DEW-5718-T-042,,VEN-4391-MEWTP-5-13-0050,SUBMITTED TO QE,0,0,Tank Data Sheet For T-8952 A/B,NOT_MATCHED,,,,,no QE document carries any of this row's identifiers
123,DANEM,DEW-5718-T-042,,VEN-4391-MEWTP-5-12-0001,,1,1,Tank Design Calculation Report For T-8952 A/B,EXACT,EXACT,PROJECT_DOCUMENT_DRAWING_NO,VEN-4391-MEWTP-5-12-0001,,exact match on PROJECT_DOCUMENT_DRAWING_NO
124,DANEM,DEW-5718-T-042,,VEN-4391-MEWTP-5-61-0034,,0,0,Tank General Arrangement For T-8952 A/B,NOT_MATCHED,,,,,no QE document carries any of this row's identifiers
125,DANEM,DEW-5718-T-043,ENG-TQ-0003,-,,0,0,TQ-T-8950A/B BTEX RICH WATER & EQUALIZATION TANKS TOP PLATFORM,NOT_MATCHED,,,,,no QE document carries any of this row's identifiers
126,DANEM,DEW-5718-T-044,4391-MOM-DANEM-0009,-,,0,0,WEEKLY PROGRESS MEETING MINUTES-0009 DANEM ENGINEERING-STORAGE TANKS WORK,NOT_MATCHED,,,,,no QE document carries any of this row's identifiers
127,DANEM,DEW-5718-T-045,VEN-MEWTP-5-05-0024,VEN-4391-MEWTP-5-05-0024,,0,0,QUALITY AUDIT PROCEDURE,EXACT,EXACT,VENDOR_DOCUMENT_NO,VEN-MEWTP-5-05-0024,,exact match on VENDOR_DOCUMENT_NO
128,UNIDRO,UNI-DOC-0002,1410-00-M111-05,VEN-4391-MEWTP-5-13-0036,,0,0,ROTATING EQUIPMENT DATASHEET - BLOWERS,NOT_MATCHED,,,,,no QE document carries any of this row's identifiers
129,UNIDRO,UNI-DOC-0003,1410-00-Q144-01,VEN-4391-MEWTP-5-69-0018,SUBMITTED TO QE,0,0,WELDING BOOK - PREFABRICATED PIPING,EXACT,EXACT,PROJECT_DOCUMENT_DRAWING_NO,VEN-4391-MEWTP-5-69-0018,,exact match on PROJECT_DOCUMENT_DRAWING_NO
130,UNIDRO,UNI-DOC-0003,1410-00-I201-01,VEN-4391-MEWTP-4-39-0001,,0,0,I/O LIST,EXACT,EXACT,PROJECT_DOCUMENT_DRAWING_NO,VEN-4391-MEWTP-4-39-0001,,exact match on PROJECT_DOCUMENT_DRAWING_NO
131,UNIDRO,UNI-DOC-0003,1410-00-I111-01,VEN-4391-MEWTP-4-30-0001,,0,0,INSTRUMENT LIST,NOT_MATCHED,,,,,no QE document carries any of this row's identifiers
132,UNIDRO,UNI-DOC-0003,1410-00-D211-05,VEN-4391-MEWTP-5-13-0011,,0,0,ATMOSPHERIC TANK DATASHEET - OFF-GAS AC FILTERS,NOT_MATCHED,,,,,no QE document carries any of this row's identifiers
133,UNIDRO,UNI-DOC-0004,1410-00-D211-21,VEN-4391-MEWTP-5-13-0027,,0,0,ATMOSPHERIC TANK DATASHEET - SBS STORAGE TANK,NOT_MATCHED,,,,,no QE document carries any of this row's identifiers
134,UNIDRO,UNI-DOC-0004,1410-00-D211-20,VEN-4391-MEWTP-5-13-0026,,0,0,ATMOSPHERIC TANK DATASHEET - EMULSION BREAKER STORAGE TANK,NOT_MATCHED,,,,,no QE document carries any of this row's identifiers
135,UNIDRO,UNI-DOC-0004,1410-00-D211-19,VEN-4391-MEWTP-5-13-0025,,0,0,ATMOSPHERIC TANK DATASHEET - FLOCCULANT PREPARATION TANK TO OILY SLUDGE,NOT_MATCHED,,,,,no QE document carries any of this row's identifiers
136,UNIDRO,UNI-DOC-0004,1410-00-D211-18,VEN-4391-MEWTP-5-13-0024,,0,0,ATMOSPHERIC TANK DATASHEET - FLOCCULANT PREPARATION TANK TO BIO SLUDGE,NOT_MATCHED,,,,,no QE document carries any of this row's identifiers
137,UNIDRO,UNI-DOC-0004,1410-00-E111-01,VEN-4391-MEWTP-2-34-0001,,0,0,ELECTRICAL LOAD LIST,NOT_MATCHED,,,,,no QE document carries any of this row's identifiers
138,DANEM,DEW-5718-T-046,-,VEN-4391-MEWTP-5-05-0025,,0,0,"PROCEDURE FOR CONTROL OF NON-CONFORMATIES, CORRECTIVE & PREVENTIVE ACTION",NOT_MATCHED,,,,,no QE document carries any of this row's identifiers
139,DANEM,DEW-5718-T-047,-,VEN-4391-MTY-0-04-0001,SUBMITTED TO QE,1,1,"Project Quality Plan For Engineering,Procurement,Installation,Construction,Pre-commissioning,Commissioning,Startup,and Performance Testing of Tank (M/S. Danem Engineering Works WLL)",EXACT,EXACT,PROJECT_DOCUMENT_DRAWING_NO,VEN-4391-MTY-0-04-0001,,exact match on PROJECT_DOCUMENT_DRAWING_NO
140,DANEM,DEW-5718-T-048,-,VEN-4391-MTY-5-19-0001,SUBMITTED TO QE,1,1,METHOD STATEMENT FOR HYDROGEN INDUCED CRACKING (HIC) AS PER NACE TM0284 (M/S LONESTAR),EXACT,EXACT,PROJECT_DOCUMENT_DRAWING_NO,VEN-4391-MTY-5-19-0001,,exact match on PROJECT_DOCUMENT_DRAWING_NO
141,DANEM,DEW-5718-T-049,-,VEN-4391-MEWTP-5-12-0012,,0,0,TANK DESIGN CALCULATION REPORT FOR T-8950 A/B,NOT_MATCHED,,,,,no QE document carries any of this row's identifiers
142,DANEM,DEW-5718-T-049,-,VEN-4391-MEWTP-5-13-0049,,0,0,TANK DATA SHEET FOR T-8950 A/B,NOT_MATCHED,,,,,no QE document carries any of this row's identifiers
143,DANEM,DEW-5718-T-049,-,VEN-4391-MEWTP-5-61-0033,,0,0,TANK GENERAL ARRANGEMENT FOR T-8950 A/B,NOT_MATCHED,,,,,no QE document carries any of this row's identifiers
144,DANEM,DEW-5718-T-050,4391-MEWTP-01-0001,-,,0,0,"ROOF PLATFORM PROPOSAL FOR T8948,T8950 & T8952",EXACT,EXACT,VENDOR_DOCUMENT_NO,4391-MEWTP-01-0001,,exact match on VENDOR_DOCUMENT_NO
145,UNIDRO,UNI-DOC-0005,1410-00-M111-07,VEN-4391-MEWTP-5-13-0038,,0,0,ROTATING EQUIPMENT DATASHEET - MIXERS,NOT_MATCHED,,,,,no QE document carries any of this row's identifiers
146,UNIDRO,UNI-DOC-0006,1410-00-M921-02,VEN-4391-MEWTP-5-13-0045,,0,0,BIOLOGICAL SLUDGE THICKENER RAKE DATASHEET,NOT_MATCHED,,,,,no QE document carries any of this row's identifiers
147,UNIDRO,UNI-DOC-0006,1410-00-M921-01,VEN-4391-MEWTP-5-13-0044,,0,0,CLARIFIER RAKE DATASHEET,NOT_MATCHED,,,,,no QE document carries any of this row's identifiers
148,UNIDRO,UNI-DOC-0006,1410-00-M111-06,VEN-4391-MEWTP-5-13-0037,,0,0,ROTATING EQUIPMENT DATASHEET - FANS,NOT_MATCHED,,,,,no QE document carries any of this row's identifiers
149,UNIDRO,UNI-DOC-0007,1410-00-B611-01,VEN-4391-MEWTP-5-32-0001,,0,0,VALVE LIST,NOT_MATCHED,,,,,no QE document carries any of this row's identifiers
150,DANEM,DEW-5718-T-051,4391-MOM-DANEM-0010,-,,0,0,WEEKLY PROGRESS MEETING MINUTES-0010 DANEM ENGINEERING – STORAGE TANKS WORK,NOT_MATCHED,,,,,no QE document carries any of this row's identifiers
151,DANEM,DEW-5718-T-051,DEW-5718-WPR-0001,-,,0,0,WEEKLY PROGRESS REPORT-0001 DANEM ENGINEERING-STORAGE TANKS WORK,NOT_MATCHED,,,,,no QE document carries any of this row's identifiers
152,DANEM,DEW-5718-T-052,-,VEN-4391-MEWTP-5-13-0047,,0,0,Tank Data Sheet For T-8948,NOT_MATCHED,,,,,no QE document carries any of this row's identifiers
153,DANEM,DEW-5718-T-052,-,VEN-4391-MEWTP-5-12-0010,,0,0,Tank Design Calculation Report For T-8948,NOT_MATCHED,,,,,no QE document carries any of this row's identifiers
154,DANEM,DEW-5718-T-052,-,VEN-4391-MEWTP-5-61-0031,,0,0,Tank General Arrangement For T-8948,NOT_MATCHED,,,,,no QE document carries any of this row's identifiers
155,DANEM,DEW-5718-T-052,-,VEN-4391-MEWTP-5-13-0048,,0,0,Tank Data Sheet For T-8949,NOT_MATCHED,,,,,no QE document carries any of this row's identifiers
156,DANEM,DEW-5718-T-052,-,VEN-4391-MEWTP-5-12-0011,,0,0,Tank Design Calculation Report For T-8949,NOT_MATCHED,,,,,no QE document carries any of this row's identifiers
157,DANEM,DEW-5718-T-052,-,VEN-4391-MEWTP-5-61-0032,,0,0,Tank General Arrangement For T-8949,NOT_MATCHED,,,,,no QE document carries any of this row's identifiers
158,UNIDRO,UNI-DOC-0008,1410-00-I131-03,VEN-4391-MEWTP-4-13-0012,,0,0,INSTRUMENT DATASHEET- SAFETY VALVES,NOT_MATCHED,,,,,no QE document carries any of this row's identifiers
159,UNIDRO,UNI-DOC-0008,1410-00-A211-02,VEN-4391-MEWTP-6-50-0001,,0,0,PIPING AND INSTRUMENTATION DIAGRAMS – TYPICAL DRAWINGS,NOT_MATCHED,,,,,no QE document carries any of this row's identifiers
160,DANEM,DEW-5718-T-053,-,VEN-4391-MEWTP-5-25-0001,SUBMITTED TO QE,0,0,INSPECTION AND TEST PLAN FOR PRE-FABRICATION AND ERECTION OF STORAGE TANK,EXACT,EXACT,PROJECT_DOCUMENT_DRAWING_NO,VEN-4391-MEWTP-5-25-0001,,exact match on PROJECT_DOCUMENT_DRAWING_NO
161,UNIDRO,UNI-DOC-0009,1410-00-L231-02,VEN-4391-MEWTP-6-00-0003,,0,0,CHEMICAL CONSUMPTION LIST,NOT_MATCHED,,,,,no QE document carries any of this row's identifiers
162,UNIDRO,UNI-DOC-0009,1410-00-L231-01,VEN-4391-MEWTP-6-00-0002,,0,0,UTILITIES CONSUMPTION LIST,NOT_MATCHED,,,,,no QE document carries any of this row's identifiers
163,UNIDRO,UNI-DOC-0009,1410-00-A141-01,VEN-4391-MEWTP-6-12-0001,SUBMITTED TO QE,0,0,PROCESS CALCULATIONS,NOT_MATCHED,,,,,no QE document carries any of this row's identifiers
164,DANEM,DEW-5718-T-053,,VEN-4391-MEWTP-3-04-0005,,0,0,PROJECT HSE PLAN,EXACT,EXACT,PROJECT_DOCUMENT_DRAWING_NO,VEN-4391-MEWTP-3-04-0005,,exact match on PROJECT_DOCUMENT_DRAWING_NO
165,DANEM,DEW-5718-T-055,4391-MOM-DANEM-0011,-,,0,0,WEEKLY PROGRESS MEETING MINUTES-0011 DANEM ENGINEERING-STORAGE TANKS WORKS,NOT_MATCHED,,,,,no QE document carries any of this row's identifiers
166,DANEM,,DEW-5718-WPR-0002,,,0,0,WEEKLY PROGRESS REPORT-0002 DANEM ENGINEERING-STORAGE TANKS WORK,NOT_MATCHED,,,,,no QE document carries any of this row's identifiers
167,DANEM,,DEW-5718-T-056,VEN-MEWTP-5-19-0002,SUBMITTED TO QE,0,0,METHOD STATEMENT FOR THE FABRICATION & ERECTION OF SITE ASSEMBLED TANK,EXACT,EXACT,PROJECT_DOCUMENT_DRAWING_NO,VEN-MEWTP-5-19-0002,,exact match on PROJECT_DOCUMENT_DRAWING_NO
168,UNIDRO,EMAIIL,4391-WPR-0004,,,0,0,WEEKLY PROGRESS REPORT NO. 004,EXACT,EXACT,VENDOR_DOCUMENT_NO,4391-WPR-0004,,exact match on VENDOR_DOCUMENT_NO
169,UNIDRO,EMAIIL,4391-MOM-UNIDRO-0007,,,0,0,MINUTES OF WEEKLY PROGRESS MEETING (WPM) – 00007,NOT_MATCHED,,,,,no QE document carries any of this row's identifiers
170,UNIDRO,UNI-REP-0007,,VEN-4391-6-TNR-0002,sUBMITTED TO QE,,,PROCESS TAG NUMBER REQUEST-0007,ALTERNATIVE_IDENTIFIER,ALT_VEN_PREFIX,PROJECT_DOCUMENT_DRAWING_NO,4391-6-TNR-0002,,VEN-prefix-tolerant match on PROJECT_DOCUMENT_DRAWING_NO
171,UNIDRO,UNI-DOC-0009,,VEN-MEWTP-6-00-0003,,0,0,CHEMICAL CONSUMPTION LIST,EXACT,EXACT,PROJECT_DOCUMENT_DRAWING_NO,VEN-MEWTP-6-00-0003,,exact match on PROJECT_DOCUMENT_DRAWING_NO
172,UNIDRO,UNI-DOC-0009,,VEN-MEWTP-6-00-0002,,0,0,UTILITIES CONSUMPTION LIST,EXACT,EXACT,PROJECT_DOCUMENT_DRAWING_NO,VEN-MEWTP-6-00-0002,,exact match on PROJECT_DOCUMENT_DRAWING_NO
173,UNIDRO,UNI-DOC-0009,,VEN-MEWTP-6-12-0001,,0,0,PROCESS CALCULATIONS,EXACT,EXACT,PROJECT_DOCUMENT_DRAWING_NO,VEN-MEWTP-6-12-0001,,exact match on PROJECT_DOCUMENT_DRAWING_NO
174,UNIDRO,UNI-DOC-0010,,VEN-MEWTP-4-13-0001,,0,0,INSTRUMENT DATASHEET - PRESSURE GAUGES,EXACT,EXACT,PROJECT_DOCUMENT_DRAWING_NO,VEN-MEWTP-4-13-0001,,exact match on PROJECT_DOCUMENT_DRAWING_NO
175,UNIDRO,UNI-DOC-0010,,VEN-MEWTP-6-12-0002,,0,0,HYDRAULIC CALCULATION REPORT,EXACT,EXACT,PROJECT_DOCUMENT_DRAWING_NO,VEN-MEWTP-6-12-0002,,exact match on PROJECT_DOCUMENT_DRAWING_NO
176,UNIDRO,UNI-DOC-0010,,VEN-MEWTP-0-04-0001,SUBMITTED TO QE,1,1,PROJECT SCHEDULE,EXACT,EXACT,PROJECT_DOCUMENT_DRAWING_NO,VEN-MEWTP-0-04-0001,,exact match on PROJECT_DOCUMENT_DRAWING_NO
177,UNIDRO,UNI-DOC-0010,,VEN-MEWTP-6-00-0001,,0,0,EFFLUENT LIST,EXACT,EXACT,PROJECT_DOCUMENT_DRAWING_NO,VEN-MEWTP-6-00-0001,,exact match on PROJECT_DOCUMENT_DRAWING_NO
178,UNIDRO,UNI-DOC-0010,,VEN-MEWTP-4-13-0002,,0,0,INSTRUMENT DATASHEET - PRESSURE AND DIFFERENTIAL PRESSURE TRANSMITTERS,EXACT,EXACT,PROJECT_DOCUMENT_DRAWING_NO,VEN-MEWTP-4-13-0002,,exact match on PROJECT_DOCUMENT_DRAWING_NO
179,UNIDRO,UNI-DOC-0011,,VEN-MEWTP-5-05-0003,SUBMITTED TO QE,1,1,HYDROSTATIC TEST PROCEDURE – PREFABRICATED PIPING,EXACT,EXACT,PROJECT_DOCUMENT_DRAWING_NO,VEN-MEWTP-5-05-0003,,exact match on PROJECT_DOCUMENT_DRAWING_NO
180,UNIDRO,UNI-DOC-0011,,VEN-MEWTP-4-13-0003,,0,0,INSTRUMENT DATASHEET - FLOW GAUGES,EXACT,EXACT,PROJECT_DOCUMENT_DRAWING_NO,VEN-MEWTP-4-13-0003,,exact match on PROJECT_DOCUMENT_DRAWING_NO
181,UNIDRO,UNI-DOC-0011,,VEN-MEWTP-1-50-0006,,0,0,STEEL STRUCTURES GUIDE DRAWING – DECANTERS STRUCTURE,EXACT,EXACT,PROJECT_DOCUMENT_DRAWING_NO,VEN-MEWTP-1-50-0006,,exact match on PROJECT_DOCUMENT_DRAWING_NO
182,UNIDRO,UNI-DOC-0011,,VEN-MEWTP-1-50-0004,,0,0,STEEL STRUCTURES GUIDE DRAWING - DOSING SKIDS SHELTER,EXACT,EXACT,PROJECT_DOCUMENT_DRAWING_NO,VEN-MEWTP-1-50-0004,,exact match on PROJECT_DOCUMENT_DRAWING_NO
183,UNIDRO,UNI-DOC-0011,,VEN-MEWTP-1-62-0004,,0,0,CONCRETE BASIN OUTLINE DRAWING – BIOLOGICAL SLUDGE DEWATERING UNIT,EXACT,EXACT,PROJECT_DOCUMENT_DRAWING_NO,VEN-MEWTP-1-62-0004,,exact match on PROJECT_DOCUMENT_DRAWING_NO
184,UNIDRO,UNI-DOC-0011,,VEN-MEWTP-1-62-0001,,0,0,CONCRETE BASIN OUTLINE DRAWING – BIOLOGICAL AERATION TANK,EXACT,EXACT,PROJECT_DOCUMENT_DRAWING_NO,VEN-MEWTP-1-62-0001,,exact match on PROJECT_DOCUMENT_DRAWING_NO
185,UNIDRO,UNI-DOC-0012,,VEN-MEWTP-0-00-0004,,0,0,SUBVENDOR LIST,EXACT,EXACT,PROJECT_DOCUMENT_DRAWING_NO,VEN-MEWTP-0-00-0004,,exact match on PROJECT_DOCUMENT_DRAWING_NO
186,DANEM,DEW-5718-T-057,,VEN-MEWTP-5-05-0036,,0,0,WPS FOR SHELL PLATE WELDING (CS) SA516 Gr70 (WPS: DEW-WPS-104C),EXACT,EXACT,PROJECT_DOCUMENT_DRAWING_NO,VEN-MEWTP-5-05-0036,,exact match on PROJECT_DOCUMENT_DRAWING_NO
187,DANEM,DEW-5718-T-057,,VEN-MEWTP-5-05-0037,,0,0,WPS FOR PIPE & FLANGE WELDING (CS) SA106 Gr B/SA105N/SA516Gr70 (WPS: DE-LTCS-GTAW-061 & WPS: DEW-WPS-104),EXACT,EXACT,PROJECT_DOCUMENT_DRAWING_NO,VEN-MEWTP-5-05-0037,,exact match on PROJECT_DOCUMENT_DRAWING_NO
188,DANEM,DEW-5718-T-057,,VEN-MEWTP-5-05-0038,,0,0,WPS FOR STRUCTURAL STEEL WELDING (CS) SA516 Gr70/SA36/S275JR (WPS: DEW-SMAW+FCAW-094),EXACT,EXACT,PROJECT_DOCUMENT_DRAWING_NO,VEN-MEWTP-5-05-0038,,exact match on PROJECT_DOCUMENT_DRAWING_NO
189,DANEM,DEW-5718-T-057,,VEN-MEWTP-5-05-0039,,0,0,WPS FOR PIPE & FLANGE WELDING (SS) SA312TP316L TO SA182F316L (DEW-SS-GTAW+SMAW-76),EXACT,EXACT,PROJECT_DOCUMENT_DRAWING_NO,VEN-MEWTP-5-05-0039,,exact match on PROJECT_DOCUMENT_DRAWING_NO
190,DANEM,DEW-5718-T-057,,VEN-MEWTP-5-05-0040,,0,0,WPS FOR CS TO SS WELDING (PIPE/STRUCTURE) SA312TP316L TO SA516 Gr70/S275JR (WPS: DEW-WPS-Q-102),EXACT,EXACT,PROJECT_DOCUMENT_DRAWING_NO,VEN-MEWTP-5-05-0040,,exact match on PROJECT_DOCUMENT_DRAWING_NO
191,DANEM,DEW-5718-T-057,,VEN-MEWTP-5-05-0041,,0,0,"WPS FOR ROOF, BOTTOM PLATE WELDING (CS) SA516 Gr70 (WPS:DEW-SMAW+FCAW-094)",EXACT,EXACT,PROJECT_DOCUMENT_DRAWING_NO,VEN-MEWTP-5-05-0041,,exact match on PROJECT_DOCUMENT_DRAWING_NO
192,UNIDRO,UNI-DOC-0013,,VEN-MEWTP-4-13-0011,,0,0,INSTRUMENT DATASHEET- ON-OFF VALVES,EXACT,EXACT,PROJECT_DOCUMENT_DRAWING_NO,VEN-MEWTP-4-13-0011,,exact match on PROJECT_DOCUMENT_DRAWING_NO
193,DANEM,DEW-5718-T-059,,VEN-MEWTP-5-05-0042,,0,0,WELDER QUALIFICATION REGISTER AND CERTIFICATE,EXACT,EXACT,PROJECT_DOCUMENT_DRAWING_NO,VEN-MEWTP-5-05-0042,,exact match on PROJECT_DOCUMENT_DRAWING_NO
194,UNIDRO,UNI-DOC-0014,,VEN-MEWTP-4-13-0005,,0,0,INSTRUMENT DATASHEET - LEVEL GAUGES,EXACT,EXACT,PROJECT_DOCUMENT_DRAWING_NO,VEN-MEWTP-4-13-0005,,exact match on PROJECT_DOCUMENT_DRAWING_NO
195,DANEM,DEW-5718-T-058,,VEN-MEWTP-5-61-0051-001,,0,0,TANK SHELL PLATE DETAILS FOR T-8950A/B,EXACT,EXACT,PROJECT_DOCUMENT_DRAWING_NO,VEN-MEWTP-5-61-0051-001,,exact match on PROJECT_DOCUMENT_DRAWING_NO
196,DANEM,DEW-5718-T-058,,VEN-MEWTP-5-61-0052-001,,0,0,TANK BOTTOM PLATE DETAILS FOR T-8950A/B,EXACT,EXACT,PROJECT_DOCUMENT_DRAWING_NO,VEN-MEWTP-5-61-0052-001,,exact match on PROJECT_DOCUMENT_DRAWING_NO
197,DANEM,DEW-5718-T-058,,VEN-MEWTP-5-61-0053-001,,0,0,TANK ROOF PLATE DETAILS FOR T-8950A/B,EXACT,EXACT,PROJECT_DOCUMENT_DRAWING_NO,VEN-MEWTP-5-61-0053-001,,exact match on PROJECT_DOCUMENT_DRAWING_NO
198,DANEM,DEW-5718-T-058,,VEN-MEWTP-5-61-0059-001,,0,0,TANK SHELL PLATE DETAILS FOR T-8952A/B,EXACT,EXACT,PROJECT_DOCUMENT_DRAWING_NO,VEN-MEWTP-5-61-0059-001,,exact match on PROJECT_DOCUMENT_DRAWING_NO
199,DANEM,DEW-5718-T-058,,VEN-MEWTP-5-61-0059-002,,0,0,TANK SHELL PLATE DETAILS FOR T-8952A/B,EXACT,EXACT,PROJECT_DOCUMENT_DRAWING_NO,VEN-MEWTP-5-61-0059-002,,exact match on PROJECT_DOCUMENT_DRAWING_NO
200,DANEM,DEW-5718-T-058,,VEN-MEWTP-5-61-0060-001,,0,0,TANK BOTTOM PLATE DETAILS FOR T-8952A/B,EXACT,EXACT,PROJECT_DOCUMENT_DRAWING_NO,VEN-MEWTP-5-61-0060-001,,exact match on PROJECT_DOCUMENT_DRAWING_NO
201,DANEM,DEW-5718-T-058,,VEN-MEWTP-5-61-0061-001,,0,0,TANK ROOF PLATE DETAILS FOR T-8952A/B,EXACT,EXACT,PROJECT_DOCUMENT_DRAWING_NO,VEN-MEWTP-5-61-0061-001,,exact match on PROJECT_DOCUMENT_DRAWING_NO
202,UNIDRO,EMAIIL,,4391-WPR-0005,214121C-001-TEN-VEN-TN-0020,0,0,WEEKLY PROGRESS REPORT NO. 005 (UNIDRO),EXACT,EXACT,PROJECT_DOCUMENT_DRAWING_NO,4391-WPR-0005,,exact match on PROJECT_DOCUMENT_DRAWING_NO
203,DANEM,DEW-5718-T-060,,VEN-MEWTP-5-61-0035-001,,0,0,TANK SHELL PLATE DETAILS FOR T-8948,EXACT,EXACT,PROJECT_DOCUMENT_DRAWING_NO,VEN-MEWTP-5-61-0035-001,,exact match on PROJECT_DOCUMENT_DRAWING_NO
204,DANEM,DEW-5718-T-060,,VEN-MEWTP-5-61-0036-001,,0,0,TANK BOTTOM PLATE DETAILS FOR T-8948,EXACT,EXACT,PROJECT_DOCUMENT_DRAWING_NO,VEN-MEWTP-5-61-0036-001,,exact match on PROJECT_DOCUMENT_DRAWING_NO
205,DANEM,DEW-5718-T-060,,VEN-MEWTP-5-61-0037-001,,0,0,TANK ROOF PLATE DETAILS FOR T-8948,EXACT,EXACT,PROJECT_DOCUMENT_DRAWING_NO,VEN-MEWTP-5-61-0037-001,,exact match on PROJECT_DOCUMENT_DRAWING_NO
206,DANEM,DEW-5718-T-060,,VEN-MEWTP-5-61-0043-001,,0,0,TANK SHELL PLATE DETAILS FOR T-8949,EXACT,EXACT,PROJECT_DOCUMENT_DRAWING_NO,VEN-MEWTP-5-61-0043-001,,exact match on PROJECT_DOCUMENT_DRAWING_NO
207,DANEM,DEW-5718-T-060,,VEN-MEWTP-5-61-0044-001,,0,0,TANK BOTTOM PLATE DETAIL FOR T-8949,EXACT,EXACT,PROJECT_DOCUMENT_DRAWING_NO,VEN-MEWTP-5-61-0044-001,,exact match on PROJECT_DOCUMENT_DRAWING_NO
208,DANEM,DEW-5718-T-060,,VEN-MEWTP-5-61-0045-001,,0,0,TANK ROOF PLATE DETAILS FOR T-8949,EXACT,EXACT,PROJECT_DOCUMENT_DRAWING_NO,VEN-MEWTP-5-61-0045-001,,exact match on PROJECT_DOCUMENT_DRAWING_NO
209,DANEM,DEW-5718-T-061,,4391-MOM-DANEM-0012,,0,0,WEEKLY PROGRESS MEETING MINUTES-0012 DANEM ENGINEERING – STORAGE TANKS WORK,NOT_MATCHED,,,,,no QE document carries any of this row's identifiers
210,DANEM,DEW-5718-T-063,DEW-5718-WPR-0003,,,0,0,WEEKLY PROGRESS REPORT-0003 DANEM ENGINEERING-STORAGE TANKS WORK,NOT_MATCHED,,,,,no QE document carries any of this row's identifiers
211,DANEM,DEW-5718-T-062,DEW-5718-MAR-001,,,0,0,MATERIAL SUBMITTAL FOR TANK PLATE,NOT_MATCHED,,,,,no QE document carries any of this row's identifiers
212,UNIDRO,EMAIIL,4391-MOM-UNIDRO-0010,,,0,0,MINUTES OF WEEKLY PROGRESS MEETING (WPM) – 00010,NOT_MATCHED,,,,,no QE document carries any of this row's identifiers
213,DANEM,DEW-5718-T-066,,,,0,0,RFI FOR SAMPLE COLLECTION FOR HIC TEST,NO_IDENTIFIER,,,,,no usable identifier on the vendor row
214,DANEM,DEW-5718-T-068,DEW-5718-WPR-0004,,,0,0,WEEKLY PROGRESS REPORT-0004 DANEM ENGINEERING-STORAGE TANKS WORK,NOT_MATCHED,,,,,no QE document carries any of this row's identifiers
215,DANEM,DEW-5718-T-076,4391-MOM-DANEM-0013,,,0,0,WEEKLY PROGRESS MEETING MINUTES-0013 DANEM ENGINEERING-STORAGE,NOT_MATCHED,,,,,no QE document carries any of this row's identifiers
216,DANEM,DEW-5718-T-085,DEW-5718-WPR-0005,,,0,0,WEEKLY PROGRESS REPORT-0005 DANEM ENGINEERING STORAGE TANKS WORK,NOT_MATCHED,,,,,no QE document carries any of this row's identifiers
217,DANEM,DEW-5718-T-093,4391-MOM-DANEM-0014,,,0,0,WEEKLY PROGRESS MEETING MINUTES-0014 DANEM ENGINEERING - STORAGE TANKS WORKS,NOT_MATCHED,,,,,no QE document carries any of this row's identifiers
218,DANEM,DEW-5718-T-098,DEW-5718-WPR-0006,,,0,0,WEEKLY PROGRESS REPORT-0006 DANEM ENGINEERING - STORAGE TANKS WORK,NOT_MATCHED,,,,,no QE document carries any of this row's identifiers
219,DANEM,DEW-5718-T-089,,,,0,0,COMMUNICATION PROTOCOL,NO_IDENTIFIER,,,,,no usable identifier on the vendor row
220,UNIDRO,EMAIL,4391-WPR-0005,,,,,WEEKLY PROGRESS REPORT NO. 005 (UNIDRO),EXACT,EXACT,VENDOR_DOCUMENT_NO,4391-WPR-0005,,exact match on VENDOR_DOCUMENT_NO
221,UNIDRO,EMAIL,,,,,,WEEKLY PROGRESS REPORT NO. 004,NO_IDENTIFIER,,,,,no usable identifier on the vendor row
222,UNIDRO,EMAIL,,,,,,MINUTES OF WEEKLY PROGRESS MEETING (WPM) – 00007,NO_IDENTIFIER,,,,,no usable identifier on the vendor row
223,DANEM,DEW-5718-T-099,DEW-5718-HSECV-01,-,,0,0,CV OF HSE PERSONNEL FOR QATARENERGY APPROVAL,NOT_MATCHED,,,,,no QE document carries any of this row's identifiers
224,DANEM,DEW-5718-T-099,DEW-5718-FW-01,-,,0,0,FIRE WATCH QATARENERGY APPROVAL,NOT_MATCHED,,,,,no QE document carries any of this row's identifiers
225,DANEM,DEW-5718-T-099,DEW-5718-HW-01,-,,0,0,HOLE WATCH QATARENERGY APPROVAL,NOT_MATCHED,,,,,no QE document carries any of this row's identifiers
226,DANEM,DEW-5718-T-101,DEW-5718-JHA-01,-,,0,0,JOB HAZARD ANALYSIS - TASK BASED,NOT_MATCHED,,,,,no QE document carries any of this row's identifiers
227,DANEM,DEW-5718-T-102,4391-FPI-MG-NFI-003,-,,1,1,NOTIFICATION FOR INSPECTION (NFI),NOT_MATCHED,,,,,no QE document carries any of this row's identifiers
228,DANEM,DEW-5718-T-104,4391-MOM-DANEM-0015,-,,0,0,WEEKLY PROGRESS MEETING MINUTES-0015 DANEM ENGINEERING - STORAGE TANKS WORKS,NOT_MATCHED,,,,,no QE document carries any of this row's identifiers
229,DANEM,DEW-5718-T-106,DEW-5718-PP-002,-,,2,2,PLANNING PACKAGE,NOT_MATCHED,,,,,no QE document carries any of this row's identifiers
230,DANEM,DEW-5718-T-107,4391-FPI-MG-NFI-004,-,,1,1,NOTIFICATION FOR INSPECTION (NFI),NOT_MATCHED,,,,,no QE document carries any of this row's identifiers
231,DANEM,DEW-5718-T-110,4391-MOM-DANEM-0016,-,,0,0,WEEKLY PROGRESS MEETING MINUTES-0016 DANEM ENGINEERING - STORAGE TANKS WORKS,NOT_MATCHED,,,,,no QE document carries any of this row's identifiers
232,DANEM,DEW-5718-T-116,DEW-5718-WPR-0007,-,,0,0,WEEKLY PROGRESS REPORT-0007 DANEM ENGINEERING - STORAGE TANKS WORK,NOT_MATCHED,,,,,no QE document carries any of this row's identifiers
233,DANEM,DEW-5718-T-125,4391-MOM-DANEM-0017,-,,0,0,WEEKLY PROGRESS MEETING MINUTES-0017 DANEM ENGINEERING - STORAGE TANKS WORKS,NOT_MATCHED,,,,,no QE document carries any of this row's identifiers
234,DANEM,DEW-5718-T-138,DEW-5718-WPR-0008,-,,0,0,WEEKLY PROGRESS REPORT-0008 DANEM ENGINEERING-STORAGE TANKS WORK,NOT_MATCHED,,,,,no QE document carries any of this row's identifiers
235,DANEM,DEW-5718-T-138,DEW-5718-WPR-0009,-,,0,0,WEEKLY PROGRESS REPORT-0009 DANEM ENGINEERING-STORAGE TANKS WORK,NOT_MATCHED,,,,,no QE document carries any of this row's identifiers
236,DANEM,DEW-5718-T-139,4391-MOM-DANEM-0018,-,,0,0,WEEKLY PROGRESS MEETING MINUTES-0018 DANEM ENGINEERING - STORAGE TANKS WORKS,NOT_MATCHED,,,,,no QE document carries any of this row's identifiers
237,DANEM,DEW-5718-T-139,ENG-TQ-0004,4391-5-TQ-0003,,0,0,CURB ANGLE WELDING ARRANGEMENT WITH SHELL PLATE FOR STORAGE TANKS,NOT_MATCHED,,,,,no QE document carries any of this row's identifiers
238,DANEM,DEW-5718-T-140,DEW-5718-MPR-0001,-,,0,0,MONTHLY PROGRESS REPORT-0001 DANEM ENGINEERING-STORAGE TANKS WORKS,NOT_MATCHED,,,,,no QE document carries any of this row's identifiers
239,DANEM,DEW-5718-T-149,,-,,0,0,CONSTRUCTION KICK-OF-MEETING DANEM ENGINEERING – STORAGE TANKS WORK,NO_IDENTIFIER,,,,,no usable identifier on the vendor row
240,DANEM,,4391-MOM-DANEM-0019,-,,0,0,WEEKLY PROGRESS MEETING MINUTES-0019 DANEM ENGINEERING-STORAGE TANKS WORK,NOT_MATCHED,,,,,no QE document carries any of this row's identifiers
241,SULZER,SUL-TN-0015,PIS1005233450010-01,-,,0,0,PROJECT SCHEDULE,NOT_MATCHED,,,,,no QE document carries any of this row's identifiers
242,DANEM,DEW-5718-T-153,DEW-5718-WPR-0010,-,,0,0,WEEKLY PROGRESS REPORT-0010 DANEM ENGINEERING-STORAGE TANKS WORK,NOT_MATCHED,,,,,no QE document carries any of this row's identifiers
243,DANEM,DEW-5718-T-153,DEW-5718-WPR-0011,-,,0,0,WEEKLY PROGRESS REPORT-0011 DANEM ENGINEERING-STORAGE TANKS WORK,NOT_MATCHED,,,,,no QE document carries any of this row's identifiers
244,DANEM,DEW-5718-T-156,4391-MOM-DANEM-0020,-,,,,WEEKLY PROGRESS MEETING MINUTES-0020 DANEM ENGINEERING-STORAGE TANKS WORK,NOT_MATCHED,,,,,no QE document carries any of this row's identifiers
245,DANEM,DEW-5718-T-159,,-,,,,CONSTRUCTION SITE VISIT REPORT DANEM ENGINEERING – STORAGE TANKS WORK,NO_IDENTIFIER,,,,,no usable identifier on the vendor row
246,DANEM,DEW-5718-T-169,DEW-5718-WPR-0012,-,,0,0,WEEKLY PROGRESS REPORT-0012 DANEM ENGINEERING-STORAGE TANKS WORK,NOT_MATCHED,,,,,no QE document carries any of this row's identifiers
247,DANEM,DEW-5718-T-170,DEW-MG-RFI-03,-,,0,0,RFI FOR PLATE MATERIAL INSPECTION,NOT_MATCHED,,,,,no QE document carries any of this row's identifiers
248,DANEM,DEW-5718-T-174,DEW-MG-QAQC-ORG-001,-,,1,1,QA/QC ORGANIZATION CHART KEY PERSON CV,NOT_MATCHED,,,,,no QE document carries any of this row's identifiers
249,DANEM,DEW-5718-T-181,DEW-5718-WPR-0013,-,,0,0,WEEKLY PROGRESS REPORT-0013 DANEM ENGINEERING-STORAGE TANKS WORK,NOT_MATCHED,,,,,no QE document carries any of this row's identifiers
250,DANEM,DEW-5718-T-182,DEW-QA/QC-ORG-01,-,,1,1,QA/QC ORGANIZATION CHART WITH KEY PERSON CV,NOT_MATCHED,,,,,no QE document carries any of this row's identifiers
251,DANEM,DEW-5718-T-183,DEW-MG-RFI-04,-,,0,0,RFI FOR PRE-INSPECTION MEETING,NOT_MATCHED,,,,,no QE document carries any of this row's identifiers
252,DANEM,DEW-5718-T-184,DEW-5718-MPR-0002,-,,0,0,MONTHLY PROGRESS REPORT-0002 DANEM ENGINEERING-STORAGE TANKS WORKS,NOT_MATCHED,,,,,no QE document carries any of this row's identifiers
253,DANEM,DEW-5718-T-189,4391-DEW-MG-NFI-009,-,,0,0,NOTIFICATION FOR INSPECTION (Welder Qualification Test (WQT),NOT_MATCHED,,,,,no QE document carries any of this row's identifiers
254,DANEM,DEW-5718-T-195,DEW-5718-WPR-0014,-,,0,0,WEEKLY PROGRESS REPORT-0014 DANEM ENGINEERING-STORAGE TANKS WORK,NOT_MATCHED,,,,,no QE document carries any of this row's identifiers
255,DANEM,DEW-5718-T-198,4391-DEW-MG-NFI-011,-,,0,0,NOTIFICATION FOR INSPECTION (Welder Qualification Test (WQT),NOT_MATCHED,,,,,no QE document carries any of this row's identifiers
256,DANEM,DEW-5718-T-200,DEW-QA-AUDIT-0001,-,,0,0,DANEM ENGINEERING WORKS AUDIT CLOSE OUT PACKAGE,NOT_MATCHED,,,,,no QE document carries any of this row's identifiers
257,DANEM,DEW-5718-T-201,4391.MOM-DANEM-0021,-,,0,0,WEEKLY PROGRESS MEETING MINUTES-0021 DANEM ENGINEERING-STORAGE TANKS WORK,NOT_MATCHED,,,,,no QE document carries any of this row's identifiers
258,DANEM,DEW-5718-T-204,4391.MOM-DANEM-0022,-,,0,0,WEEKLY PROGRESS MEETING MINUTES-0022 DANEM ENGINEERING-STORAGE TANKS WORK,NOT_MATCHED,,,,,no QE document carries any of this row's identifiers
259,DANEM,DEW-5718-T-205,4391-DEW-MG-NFI-012,-,,0,0,NOTIFICATION FOR INSPECTION (Shell Plate Rolling of Tank (T-8952A/B),NOT_MATCHED,,,,,no QE document carries any of this row's identifiers
260,DANEM,DEW-5718-T-206,DEW-5718-WPR-0015,-,,0,0,WEEKLY PROGRESS REPORT-0015 DANEM ENGINEERING-STORAGE TANKS WORK,NOT_MATCHED,,,,,no QE document carries any of this row's identifiers
261,DANEM,DEW-5718-T-207,DEW-5718-PP-003,-,,3,3,PLANNING PACKAGE,NOT_MATCHED,,,,,no QE document carries any of this row's identifiers
262,DANEM,DEW-5718-T-209,4391-DEW-MG-NFI-013,-,,0,0,NOTIFICATION FOR INSPECTION (Shell Plate Rolling of Tank (T-8952A/B),NOT_MATCHED,,,,,no QE document carries any of this row's identifiers
263,DANEM,DEW-5718-T-213,DEW-5718-MM-001,-,,0,0,MANAGEMENT MEETING DANEM ENGINEERING – STORAGE TANKS WORKS,NOT_MATCHED,,,,,no QE document carries any of this row's identifiers
264,DANEM,DEW-5718-T-214,4391.MOM-DANEM-0023,-,,0,0,WEEKLY PROGRESS MEETING MINUTES-0023 DANEM ENGINEERING-STORAGE TANKS WORK,NOT_MATCHED,,,,,no QE document carries any of this row's identifiers
265,DANEM,DEW-5718-T-215,4391-DEW-MG-NFI-014,-,,0,0,NOTIFICATION FOR INSPECTION (Shell Plate Rolling of Tank (T-8952A/B),NOT_MATCHED,,,,,no QE document carries any of this row's identifiers
266,DANEM,DEW-5718-T-216,DEW-5718-WPR-0016,-,,0,0,WEEKLY PROGRESS REPORT-0016 DANEM ENGINEERING-STORAGE TANKS WORK,NOT_MATCHED,,,,,no QE document carries any of this row's identifiers
267,SULZER,SUL-TN-0024,PIS1005233450010-01,-,,0,0,PROJECT SCHEDULE,NOT_MATCHED,,,,,no QE document carries any of this row's identifiers
268,DANEM,DEW-5718-T-220,4391-DEW-MG-NFI-017,-,,0,0,NOTIFICATION FOR INSPECTION (Welding consumable (Electrodes) receiving Inspection),NOT_MATCHED,,,,,no QE document carries any of this row's identifiers
269,DANEM,DEW-5718-T-222,DEW-5718-WPR-0017,-,,0,0,WEEKLY PROGRESS REPORT-0017 DANEM ENGINEERING-STORAGE TANKS WORK,NOT_MATCHED,,,,,no QE document carries any of this row's identifiers
270,DANEM,DEW-5718-T-227,4391-DEW-MG-NFI-018,-,,0,0,NOTIFICATION FOR INSPECTION (Fit up Inspection of Tank annular plate),NOT_MATCHED,,,,,no QE document carries any of this row's identifiers
271,DANEM,DEW-5718-T-227,4391-DEW-MG-NFI-019,-,,0,0,NOTIFICATION FOR INSPECTION (Environmental Conditions & Surface preparation Inspection of Tank Bottom Plates (coating schedule-7)),NOT_MATCHED,,,,,no QE document carries any of this row's identifiers
272,DANEM,DEW-5718-T-227,4391-DEW-MG-NFI-020,-,,0,0,NOTIFICATION FOR INSPECTION (Weld Visual Inspection of Tank annular plate),NOT_MATCHED,,,,,no QE document carries any of this row's identifiers
273,DANEM,DEW-5718-T-227,4391-DEW-MG-NFI-021,-,,0,0,NOTIFICATION FOR INSPECTION (Final painting inspection of Tank bottom plates (coating schedule-7),NOT_MATCHED,,,,,no QE document carries any of this row's identifiers
274,DANEM,DEW-5718-T-227,4391-DEW-MG-NFI-022,-,,0,0,NOTIFICATION FOR INSPECTION (Final Inspection release of painted tank bottom plates (T-8952A/B) to site.),NOT_MATCHED,,,,,no QE document carries any of this row's identifiers
275,DANEM,DEW-5718-T-228,4391.MOM-DANEM-0024,-,,0,0,WEEKLY PROGRESS MEETING MINUTES-0024 DANEM ENGINEERING-STORAGE TANKS WORK,NOT_MATCHED,,,,,no QE document carries any of this row's identifiers
276,DANEM,DEW-5718-T-228,4391.MOM-DANEM-0025,-,,0,0,WEEKLY PROGRESS MEETING MINUTES-0025 DANEM ENGINEERING-STORAGE TANKS WORK,NOT_MATCHED,,,,,no QE document carries any of this row's identifiers
277,DANEM,DEW-5718-T-229,DEW-5718-WPR-0018,-,,0,0,WEEKLY PROGRESS REPORT-0018 DANEM ENGINEERING-STORAGE TANKS WORK,NOT_MATCHED,,,,,no QE document carries any of this row's identifiers
278,DANEM,DEW-5718-T-231,4391-DEW-MG-NFI-023,-,,0,0,NOTIFICATION FOR INSPECTION Material receiving inspection of paints (For coating schedule – 1Un & 6),NOT_MATCHED,,,,,no QE document carries any of this row's identifiers
279,DANEM,DEW-5718-T-231,4391-DEW-MG-NFI-024,-,,0,0,NOTIFICATION FOR INSPECTION PQT For coating schedule – 1Un & 6 Blaster & Painter Qualification,NOT_MATCHED,,,,,no QE document carries any of this row's identifiers
280,DANEM,DEW-5718-T-237,4391-DEW-MG-NFI-027,-,,0,0,NOTIFICATION FOR INSPECTION Fit up Inspection of Tank annular plate,NOT_MATCHED,,,,,no QE document carries any of this row's identifiers
281,DANEM,DEW-5718-T-237,4391-DEW-MG-NFI-028,-,,0,0,NOTIFICATION FOR INSPECTION Weld Visual Inspection of Tank annular plate,NOT_MATCHED,,,,,no QE document carries any of this row's identifiers
282,DANEM,DEW-5718-T-239,4391-DEW-MG-NFI-029,-,,0,0,NOTIFICATION FOR INSPECTION Weld Visual Inspection of Tank annular plate,NOT_MATCHED,,,,,no QE document carries any of this row's identifiers
283,DANEM,DEW-5718-T-239,4391-DEW-MG-NFI-030,-,,0,0,NOTIFICATION FOR INSPECTION Environmental Conditions & Surface preparation Inspection of Tank Annular Plates (coating schedule-7),NOT_MATCHED,,,,,no QE document carries any of this row's identifiers
284,DANEM,DEW-5718-T-249 DEW-5718-T-239,4391-DEW-MG-NFI-031,-,,0,0,NOTIFICATION FOR INSPECTION Final painting inspection of Tank Annular plates (coating schedule-7),NOT_MATCHED,,,,,no QE document carries any of this row's identifiers
285,DANEM,DEW-5718-T-249 DEW-5718-T-239,4391-DEW-MG-NFI-032,-,,0,0,NOTIFICATION FOR INSPECTION Final Inspection release of painted tank Annular plates (T-8952A/B) to site.,NOT_MATCHED,,,,,no QE document carries any of this row's identifiers
286,DANEM,DEW-5718-T-244,DEW-5718-WPR-0019,-,,0,0,WEEKLY PROGRESS REPORT-0019 DANEM ENGINEERING-STORAGE TANKS WORK,NOT_MATCHED,,,,,no QE document carries any of this row's identifiers
287,DANEM,DEW-5718-T-247,4391-DEW-MG-NFI-030,-,,0,0,NOTIFICATION FOR INSPECTION Welding consumable(Electrodes) receiving Inspection - ESAB,NOT_MATCHED,,,,,no QE document carries any of this row's identifiers
288,DANEM,DEW-5718-T-251,4391-DEW-MG-NFI-033,-,,0,0,NOTIFICATION FOR INSPECTION Environmental Conditions & Surface Preparation Inspection of Tank Annular Plates (coating schedule 7),NOT_MATCHED,,,,,no QE document carries any of this row's identifiers
289,DANEM,DEW-5718-T-254,DEW-5718-WPR-0020,-,,0,0,WEEKLY PROGRESS REPORT-0020 DANEM ENGINEERING-STORAGE TANKS WORK,NOT_MATCHED,,,,,no QE document carries any of this row's identifiers
290,DANEM,DEW-5718-T-255,DEW-5718-MPR-0003,-,,0,0,MONTHLY PROGRESS REPORT-0003 DANEM ENGINEERING-STORAGE TANKS WORKS,NOT_MATCHED,,,,,no QE document carries any of this row's identifiers
291,DANEM,DEW-5718-T-258,4391-DEW-MG-NFI-032,-,,0,0,"NOTIFICATION FOR INSPECTION PQT – Painting schedule No. 6 & 1UN, Paint Manufacturer : Jotun Visual inspection , DFT checking & Pull-off test",NOT_MATCHED,,,,,no QE document carries any of this row's identifiers
292,DANEM,DEW-5718-T-259,4391-DEW-MG-NFI-033,-,,0,0,NOTIFICATION FOR INSPECTION Shell plate rolling of T-8949/8948,NOT_MATCHED,,,,,no QE document carries any of this row's identifiers
293,DANEM,DEW-5718-T-260,4391-DEW-MG-NFI-034,-,,0,0,NOTIFICATION FOR INSPECTION Material Inspection of Structural Material,NOT_MATCHED,,,,,no QE document carries any of this row's identifiers
294,DANEM,DEW-5718-T-264,4391-DEW-MG-NFI-036,-,,0,0,NOTIFICATION FOR INSPECTION Weld Visual Inspection of Tank annular plate,NOT_MATCHED,,,,,no QE document carries any of this row's identifiers
295,DANEM,DEW-5718-T-264,4391-DEW-MG-NFI-037,-,,0,0,NOTIFICATION FOR INSPECTION Fit up Inspection of Tank annular plate,NOT_MATCHED,,,,,no QE document carries any of this row's identifiers
296,DANEM,DEW-5718-T-264,4391-DEW-MG-NFI-038,-,,0,0,NOTIFICATION FOR INSPECTION Final Inspection/release of Roof Plates of Tank (T-8952A/B) to site.,NOT_MATCHED,,,,,no QE document carries any of this row's identifiers
297,DANEM,DEW-5718-T-264,4391-DEW-MG-NFI-039,-,,0,0,NOTIFICATION FOR INSPECTION Final Inspection/release of Rolled Shell Plate of Tank (T-8949 &T-8948) to site.,NOT_MATCHED,,,,,no QE document carries any of this row's identifiers
298,DANEM,DEW-5718-T-264,4391-DEW-MG-NFI-040,-,,0,0,NOTIFICATION FOR INSPECTION Final painting inspection of Tank Annular plates (coating schedule-7),NOT_MATCHED,,,,,no QE document carries any of this row's identifiers
299,DANEM,DEW-5718-T-266,4391-DEW-MG-NFI-041,-,,0,0,NOTIFICATION FOR INSPECTION Final Inspection release of painted tank Annular plates (T-8952A/B) to site,NOT_MATCHED,,,,,no QE document carries any of this row's identifiers
300,DANEM,DEW-5718-T-268,DEW-5718-WPR-0021,-,,0,0,WEEKLY PROGRESS REPORT-0021 DANEM ENGINEERING-STORAGE TANKS WORK,NOT_MATCHED,,,,,no QE document carries any of this row's identifiers
301,DANEM,DEW-5718-T-270,4391-MG-DEW-01,-,,0,0,Inspection of foundation NEWTP AREA (T8952A),NOT_MATCHED,,,,,no QE document carries any of this row's identifiers
302,DANEM,DEW-5718-T-271,4391-DEW-MG-NFI-042,-,,0,0,Weld Visual Inspection of Tank annular plate T-8948,NOT_MATCHED,,,,,no QE document carries any of this row's identifiers
303,DANEM,DEW-5718-T-272,4391-RFI-DEW-0002,-,,0,0,"Inspection of Tank Foundation T8952B Civil clearance for the construction of treated water tank T-8952B, refer to RFI",NOT_MATCHED,,,,,no QE document carries any of this row's identifiers
304,DANEM,DEW-5718-T-273,4391-DEW-MG-NFI-043,-,,0,0,Material Inspection of Structural Material,NOT_MATCHED,,,,,no QE document carries any of this row's identifiers
305,DANEM,DEW-5718-T-273,4391-DEW-MG-NFI-044,-,,0,0,Shell plate rolling of Tank T-8949/8948,NOT_MATCHED,,,,,no QE document carries any of this row's identifiers
306,DANEM,DEW-5718-T-273,4391-DEW-MG-NFI-045,-,,0,0,Shell plate rolling of Tank T-8949/8948,NOT_MATCHED,,,,,no QE document carries any of this row's identifiers
307,DANEM,DEW-5718-T-276,4391-DEW-MG-NFI-046,-,,0,0,MPE for the temporary attachment removal area on T-8948/88949 annular plates,NOT_MATCHED,,,,,no QE document carries any of this row's identifiers
308,DANEM,DEW-5718-T-277,4391-DEW-MG-NFI-047,-,,0,0,Welder Qualification Test (WQT),NOT_MATCHED,,,,,no QE document carries any of this row's identifiers
309,DANEM,DEW-5718-T-278,4391-DEW-MG-NFI-048,-,,0,0,Final Inspection/release of Rolled Shell Plate of Tank (T-8949 &T-8948) to site.,NOT_MATCHED,,,,,no QE document carries any of this row's identifiers
310,DANEM,DEW-5718-T-279,4391-RFI-DEW-0003,-,,0,0,Inspection of Annular Plate Fitup T-8952A/B,NOT_MATCHED,,,,,no QE document carries any of this row's identifiers
311,DANEM,DEW-5718-T-280,DEW-5718-WPR-0022,-,,0,0,WEEKLY PROGRESS REPORT-0022 DANEM ENGINEERING-STORAGE TANKS WORK,NOT_MATCHED,,,,,no QE document carries any of this row's identifiers
312,DANEM,DEW-5718-T-278,4391-DEW-MG-NFI-049,-,,0,0,Final Inspection/release of Rolled Shell Plate of Tank (T-8949 & T-8948) to site.,NOT_MATCHED,,,,,no QE document carries any of this row's identifiers
313,DANEM,DEW-5718-T-284,4391-DEW-MG-NFI-050,-,,0,0,Environmental Conditions & Surface preparation Inspection of Tank Annular Plates T-8948/8949 (coating schedule-7),NOT_MATCHED,,,,,no QE document carries any of this row's identifiers
314,DANEM,DEW-5718-T-287,DEW-5718-MPR-0004,-,,0,0,MONTHLY PROGRESS REPORT-0004 DANEM ENGINEERING-STORAGE TANKS WORKS,NOT_MATCHED,,,,,no QE document carries any of this row's identifiers
315,DANEM,DEW-5718-T-288 DEW-5718-T-286,4391-RFI-DEW-0004,-,,0,0,Fitup Inspection of Annular Plate T-8952A/B,NOT_MATCHED,,,,,no QE document carries any of this row's identifiers
316,DANEM,DEW-5718-T-288,4391-RFI-DEW-0005,,,0,0,Welding consumables (Vaccum packed Electrodes) Receiving Inspection-ESAB,NOT_MATCHED,,,,,no QE document carries any of this row's identifiers
317,DANEM,DEW-5718-T-291,4391-DEW-MG-NFI-051,-,,0,0,Final Inspection/release of Roof Plate of Tank (T-8949 &T-8948) to site,NOT_MATCHED,,,,,no QE document carries any of this row's identifiers
318,DANEM,DEW-5718-T-291,4391-DEW-MG-NFI-052,-,,0,0,Final painting inspection of Tank Annular & Bottom plates (coating schedule-7),NOT_MATCHED,,,,,no QE document carries any of this row's identifiers
319,DANEM,DEW-5718-T-291,4391-DEW-MG-NFI-053,-,,0,0,Final Inspection release of painted tank bottom plates (T-8948/8949) to site.,NOT_MATCHED,,,,,no QE document carries any of this row's identifiers
320,DANEM,DEW-5718-T-290,4391.MOM-DANEM-0026,-,,0,0,WEEKLY PROGRESS MEETING MINUTES-0026 DANEM ENGINEERING-STORAGE TANKS WORK,NOT_MATCHED,,,,,no QE document carries any of this row's identifiers
321,DANEM,DEW-5718-T-293,DEW-5718-WPR-0023,-,,0,0,WEEKLY PROGRESS REPORT-0023 DANEM ENGINEERING-STORAGE TANKS WORK,NOT_MATCHED,,,,,no QE document carries any of this row's identifiers
322,DANEM,DEW-5718-T-298,4391-RFI-DEW-0006,-,,0,0,MPI Inspection of before capping on weld joints in Annular Plate T-8952A&B,NOT_MATCHED,,,,,no QE document carries any of this row's identifiers
323,DANEM,DEW-5718-T-299,4391-DEW-MG-NFI-054,-,,0,0,Final Release of Structural Supports (Rafter) of T-8948/8949 to Site,NOT_MATCHED,,,,,no QE document carries any of this row's identifiers
324,DANEM,DEW-5718-T-301,4391-DEW-MG-NFI-055,-,,0,0,Material Receiving Inspection (Paint),NOT_MATCHED,,,,,no QE document carries any of this row's identifiers
325,DANEM,DEW-5718-T-301,4391-DEW-MG-NFI-056,-,,0,0,Welder Qualification Test (WQT),NOT_MATCHED,,,,,no QE document carries any of this row's identifiers
326,DANEM,DEW-5718-T-302,4391-RFI-DEW-0007,-,,0,0,Weld Visual Inspection of Tank Annular Plate Joints T-8952A&B/,NOT_MATCHED,,,,,no QE document carries any of this row's identifiers
327,DANEM,DEW-5718-T-307,4391.MOM-DANEM-0027,-,,0,0,WEEKLY PROGRESS MEETING MINUTES-0027 DANEM ENGINEERING-STORAGE TANKS WORK,NOT_MATCHED,,,,,no QE document carries any of this row's identifiers
328,DANEM,DEW-5718-T-308,4391-DEW-MG-NFI-057,-,,0,0,"Environmental Conditions & Surface Preparation Inspection of Tank Structure (Rafters) for T8952A/B, T8948, T8949",NOT_MATCHED,,,,,no QE document carries any of this row's identifiers
329,DANEM,DEW-5718-T-311,DEW-5718-WPR-0024,-,,0,0,WEEKLY PROGRESS REPORT-0024 DANEM ENGINEERING-STORAGE TANKS WORK,NOT_MATCHED,,,,,no QE document carries any of this row's identifiers
330,DANEM,DEW-5718-T-310,4391-RFI-DEW-0008,-,,0,0,Weld Visual Inspection of Tank Annular Plate Joints T-8952A&B),NOT_MATCHED,,,,,no QE document carries any of this row's identifiers
331,DANEM,DEW-5718-T-310,4391-RFI-DEW-0009,-,,0,0,MPE for the temporary attachment removal area on T-8952B of Tank Annular Plate,NOT_MATCHED,,,,,no QE document carries any of this row's identifiers
332,DANEM,DEW-5718-T-316,DEW-MG-QAQC-CV-0001,-,,0,0,CV OF QA/QC ENGINEER,NOT_MATCHED,,,,,no QE document carries any of this row's identifiers
333,DANEM,DEW-5718-T-319,4391-DEW-MG-NFI-058,-,,0,0,Final Release of Structural Supports (Roof Rafter) of T-8948/8949/T-8952A/B to site.,NOT_MATCHED,,,,,no QE document carries any of this row's identifiers
334,DANEM,DEW-5718-T-323,4391-RFI-DEW-0010,-,,0,0,MPE for the temporary attachment removal area on T-8952B of Tank Annular Plate,NOT_MATCHED,,,,,no QE document carries any of this row's identifiers
335,DANEM,DEW-5718-T-322,DEW-5718-WPR-0025,-,,0,0,WEEKLY PROGRESS REPORT-0025 DANEM ENGINEERING-STORAGE TANKS WORK,NOT_MATCHED,,,,,no QE document carries any of this row's identifiers
336,DANEM,DEW-5718-T-324,4391-RFI-DEW-0011,-,,0,0,Inspection of Tank Foundation T8948,NOT_MATCHED,,,,,no QE document carries any of this row's identifiers
337,DANEM,DEW-5718-T-324,4391-RFI-DEW-0012,-,,0,0,Inspection of Tank Foundation T8949,NOT_MATCHED,,,,,no QE document carries any of this row's identifiers
338,DANEM,DEW-5718-T-328,4391-RFI-DEW-0013,-,,0,0,Inspection of Roof plate Assembly /Erection & Fit Up Inspection,NOT_MATCHED,,,,,no QE document carries any of this row's identifiers
339,DANEM,DEW-5718-T-331,4391-RFI-DEW-0014,-,,0,0,Weld Visual Inspection of Annular Plate Weld Repair Joints,NOT_MATCHED,,,,,no QE document carries any of this row's identifiers
340,DANEM,DEW-5718-T-334,4391-MOM-DANEM-0028,-,,0,0,WEEKLY PROGRESS MEETING MINUTES-0028 DANEM ENGINEERING-STORAGE TANKS WORK,NOT_MATCHED,,,,,no QE document carries any of this row's identifiers
341,DANEM,DEW-5718-T-335,4391-RFI-DEW-0015,-,,0,0,Annular Plates Laying & FIT UP:8948/8949,NOT_MATCHED,,,,,no QE document carries any of this row's identifiers
342,DANEM,DEW-5718-T-340,4391-RFI-DEW-0016,-,,0,0,Annular Plates Laying & FIT UP T-8948 & 8949,NOT_MATCHED,,,,,no QE document carries any of this row's identifiers
343,DANEM,DEW-5718-T-340,4391-RFI-DEW-0017,-,,0,0,Annular Plates Laying & FIT UP FOR MAKE UP PLATE T-8949,NOT_MATCHED,,,,,no QE document carries any of this row's identifiers
344,DANEM,DEW-5718-T-340,4391-RFI-DEW-0018,-,,0,0,Final inspection / Release for Painting T-8952A,NOT_MATCHED,,,,,no QE document carries any of this row's identifiers
345,DANEM,DEW-5718-T-340,4391-RFI-DEW-0019,-,,0,0,Surface preparation and Inspection for Annular Plate T-8952A,NOT_MATCHED,,,,,no QE document carries any of this row's identifiers
346,DANEM,DEW-5718-T-344,DEW-5718-WPR-0026,-,,0,0,WEEKLY PROGRESS REPORT-0026 DANEM ENGINEERING-STORAGE TANKS WORK,NOT_MATCHED,,,,,no QE document carries any of this row's identifiers
347,DANEM,DEW-5718-T-346,4391-RFI-DEW-0020,-,,0,0,T-8952B Annular Plate Final inspection & Release for Painting,NOT_MATCHED,,,,,no QE document carries any of this row's identifiers
348,DANEM,DEW-5718-T-346,4391-RFI-DEW-0021,-,,0,0,T-8952B Surface preparation and Inspection of Annular Plate / Fabrication Release,NOT_MATCHED,,,,,no QE document carries any of this row's identifiers
349,DANEM,DEW-5718-T-346,4391-RFI-DEW-0022,-,,0,0,T-8948-MPI Inspection on the temporary attachment removal area and Before capping of ANNULAR Joint,NOT_MATCHED,,,,,no QE document carries any of this row's identifiers
350,DANEM,DEW-5718-T-346,4391-RFI-DEW-0023,-,,0,0,T-8949 :MPI Inspection on the temporary attachment removal area and before Capping of ANNULAR JOINT,NOT_MATCHED,,,,,no QE document carries any of this row's identifiers
351,DANEM,DEW-5718-T-348,DEW-5718-MPR-0005,-,,0,0,MONTHLY PROGRESS REPORT-0005 DANEM ENGINEERING-STORAGE TANKS WORKS,NOT_MATCHED,,,,,no QE document carries any of this row's identifiers
352,DANEM,DEW-5718-T-343,4391-RFI-DEW-0026,-,,0,0,"Welding Consumable Receiving Inspection, Storage & Issue-ESAB",NOT_MATCHED,,,,,no QE document carries any of this row's identifiers
353,DANEM,DEW-5718-T-343,4391-RFI-DEW-0027,-,,0,0,Final Painting Inspection of Tank Annular Plates T-8952A (COATING SCHEDULE 7),NOT_MATCHED,,,,,no QE document carries any of this row's identifiers
354,DANEM,DEW-5718-T-351,4391-MEDA-DANEM-0001,-,,0,0,MEETING ON ENGINEERING DOCUMENT APPROVAL -0001 DANEM ENGINEERING-STORAGE TANKS WORK,NOT_MATCHED,,,,,no QE document carries any of this row's identifiers
355,DANEM,DEW-5718-T-352,4391-RFI-DEW-0028,-,,0,0,Final Weld Visual Inspection of Annular Plate T-8948,NOT_MATCHED,,,,,no QE document carries any of this row's identifiers
356,DANEM,DEW-5718-T-352,4391-RFI-DEW-0029,-,,0,0,Final Weld Visual Inspection of Annular Plate T-8949,NOT_MATCHED,,,,,no QE document carries any of this row's identifiers
357,DANEM,DEW-5718-T-352,4391-RFI-DEW-0030,-,,0,0,Final Painting Inspection of Tank Annular Plates T-8952A (COATING SCHEDULE 7),NOT_MATCHED,,,,,no QE document carries any of this row's identifiers
358,DANEM,DEW-5718-T-352,4391-RFI-DEW-0031,-,,0,0,Final Painting Inspection of Tank Annular Plates T-8952B (COATING SCHEDULE 7),NOT_MATCHED,,,,,no QE document carries any of this row's identifiers
359,DANEM,DEW-5718-T-352,4391-RFI-DEW-0032,-,,0,0,Final Weld Visual Inspection of Annular Plate T-8948,NOT_MATCHED,,,,,no QE document carries any of this row's identifiers
360,DANEM,DEW-5718-T-352,4391-RFI-DEW-0033,-,,0,0,Final Weld Visual Inspection of Annular Plate T-8949,NOT_MATCHED,,,,,no QE document carries any of this row's identifiers
361,DANEM,DEW-5718-T-353,DEW-5718-PP-004,,,0,0,PLANNING PACKAGE,NOT_MATCHED,,,,,no QE document carries any of this row's identifiers
362,DANEM,DEW-5718-T-355,4391-RFI-DEW-0034,-,,0,0,Fit Up Inspection for Roof Plate J.NO RLS-03 & Roof Crown Plate RC-01 & Rafter For T-8952B,NOT_MATCHED,,,,,no QE document carries any of this row's identifiers
363,DANEM,DEW-5718-T-355,4391-RFI-DEW-0035,-,,0,0,Weld Visual Inspection of Annular Plate J. No: 02(FW) & 05(FW) T-8948,NOT_MATCHED,,,,,no QE document carries any of this row's identifiers
364,DANEM,DEW-5718-T-357,4391-RFI-DEW-0036,-,,0,0,Final release for Painted Annular Plates for Laying T-8952A,NOT_MATCHED,,,,,no QE document carries any of this row's identifiers
365,DANEM,DEW-5718-T-357,4391-RFI-DEW-0037,-,,0,0,Final release for Painted Annular Plates for Laying T-8952B,NOT_MATCHED,,,,,no QE document carries any of this row's identifiers
366,DANEM,DEW-5718-T-358,DEW-5718-WPR-0027,-,,0,0,WEEKLY PROGRESS REPORT-0027 DANEM ENGINEERING-STORAGE TANKS WORK,NOT_MATCHED,,,,,no QE document carries any of this row's identifiers
367,DANEM,DEW-5718-T-364,4391-RFI-DEW-0038,-,,0,0,Bottom Plate Laying & Fitup Inspection of T-8952A,NOT_MATCHED,,,,,no QE document carries any of this row's identifiers
368,DANEM,DEW-5718-T-364,4391-RFI-DEW-0039,-,,0,0,Bottom Plate Laying & Fitup Inspection of T-8952B,NOT_MATCHED,,,,,no QE document carries any of this row's identifiers
369,DANEM,DEW-5718-T-364,4391-RFI-DEW-0040,-,,0,0,Final release for Painting of Annular Plate T-8948,NOT_MATCHED,,,,,no QE document carries any of this row's identifiers
370,DANEM,DEW-5718-T-364,4391-RFI-DEW-0041,-,,0,0,Final release for Painting of Annular Plate T-8949,NOT_MATCHED,,,,,no QE document carries any of this row's identifiers
371,DANEM,DEW-5718-T-365,4391-RFI-DEW-0042,-,,0,0,Surface preparation and Spot Blasting Inspection of Welded Joints & Mechanical Damage Area of Annular Plate T-8948,NOT_MATCHED,,,,,no QE document carries any of this row's identifiers
372,DANEM,DEW-5718-T-365,4391-RFI-DEW-0043,-,,0,0,Surface preparation and Spot Blasting Inspection of Welded Joints & Mechanical Damage Area of Annular Plate T-8949,NOT_MATCHED,,,,,no QE document carries any of this row's identifiers
373,DANEM,DEW-5718-T-365,4391-RFI-DEW-0044,-,,0,0,Bottom Plate Laying & Fitup Inspection of T-8952 A,NOT_MATCHED,,,,,no QE document carries any of this row's identifiers
374,DANEM,DEW-5718-T-365,4391-RFI-DEW-0045,-,,0,0,Bottom Plate Laying & Fitup Inspection of T-8952 B,NOT_MATCHED,,,,,no QE document carries any of this row's identifiers
375,DANEM,DEW-5718-T-366,4391-DEW-MG-NFI-059,-,,0,0,Welder Qualification Test (WQT),NOT_MATCHED,,,,,no QE document carries any of this row's identifiers
376,DANEM,DEW-5718-T-368,DEW-5718-WPR-0028,-,,0,0,WEEKLY PROGRESS REPORT-0028 DANEM ENGINEERING-STORAGE TANKS WORK,NOT_MATCHED,,,,,no QE document carries any of this row's identifiers
377,DANEM,DEW-5718-T-366,4391-DEW-MG-NFI-060,-,,0,0,Final Release of Roof Crown Plate T-8948/8949/8952A/8952B to Site,NOT_MATCHED,,,,,no QE document carries any of this row's identifiers
378,DANEM,DEW-5718-T-371,DEW-MG-TPCA-CV-0001,-,,0,0,TPCA CV FOR 3.2 CERTIFICATION (MR. YOON JIN SUNG),NOT_MATCHED,,,,,no QE document carries any of this row's identifiers
379,DANEM,DEW-5718-T-372,4391-RFI-DEW-0046,-,,0,0,Final Painting Inspection of Annular Plate Weld Joints & Mechanical Damage Area T-8949,NOT_MATCHED,,,,,no QE document carries any of this row's identifiers
380,DANEM,DEW-5718-T-374,4391-RFI-DEW-0047,-,,0,0,Final release for painted annular plate for Laying T-8949,NOT_MATCHED,,,,,no QE document carries any of this row's identifiers
381,DANEM,DEW-5718-T-374,4391-RFI-DEW-0048,-,,0,0,Final Painting inspection of annular plate Weld Joints & Mechanical damage area T-8948,NOT_MATCHED,,,,,no QE document carries any of this row's identifiers
382,DANEM,DEW-5718-T-375,4391-RFI-DEW-0049,-,,0,0,Final Painting Inspection of Annular Plate welded Joints & Mechanical Damage Area T-8948,NOT_MATCHED,,,,,no QE document carries any of this row's identifiers
383,DANEM,DEW-5718-T-376,4391-RFI-DEW-0050,-,,0,0,Final Release for Painted Annular Plate for Laying T-8948,NOT_MATCHED,,,,,no QE document carries any of this row's identifiers
384,DANEM,DEW-5718-T-376,4391-RFI-DEW-0051,-,,0,0,Bottom Plate Laying & Fitup Inspection of T-8949,NOT_MATCHED,,,,,no QE document carries any of this row's identifiers
385,DANEM,DEW-5718-T-377,DEW-5718-WPR-0029,-,,0,0,WEEKLY PROGRESS REPORT-0029 DANEM ENGINEERING-STORAGE TANKS WORK,NOT_MATCHED,,,,,no QE document carries any of this row's identifiers
386,DANEM,DEW-5718-T-380,4391-RFI-DEW-0052,-,,0,0,Bottom Plate Laying & Fitup Inspection of T-8948,NOT_MATCHED,,,,,no QE document carries any of this row's identifiers
387,DANEM,DEW-5718-T-381,4391-RFI-DEW-0053,-,,0,0,Bottom Plate Laying & Fitup Inspection of T-8948,NOT_MATCHED,,,,,no QE document carries any of this row's identifiers
388,DANEM,DEW-5718-T-381,4391-RFI-DEW-0054,-,,0,0,Bottom Plate Laying & Fitup Inspection of T-8949,NOT_MATCHED,,,,,no QE document carries any of this row's identifiers
389,DANEM,DEW-5718-T-385,4391-DEW-MG-NFI-061,-,,0,0,Material Receiving Inspection (Paint),NOT_MATCHED,,,,,no QE document carries any of this row's identifiers
390,DANEM,DEW-5718-T-386,4391-RFI-DEW-0055,-,,0,0,Shell Plate (552) Vertical Joint Fitup Inspection of T-8952 A,NOT_MATCHED,,,,,no QE document carries any of this row's identifiers
391,DANEM,DEW-5718-T-386,4391-RFI-DEW-0056,-,,0,0,Shell Plate (552) Vertical Joint Fitup Inspection of T-8952 B,NOT_MATCHED,,,,,no QE document carries any of this row's identifiers
392,DANEM,DEW-5718-T-387,DEW-5718-CV-0002,-,,0,0,CVs OF KEY PERSONNEL,NOT_MATCHED,,,,,no QE document carries any of this row's identifiers
393,DANEM,DEW-5718-T-391,4391-RFI-DEW-0059,-,,0,0,REQUEST FOR INSPECTION DPI Inspection for bevel of Roof plate joint (184-NCR-MECH-0002 Close out),NOT_MATCHED,,,,,no QE document carries any of this row's identifiers
394,DANEM,DEW-5718-T-391,4391-RFI-DEW-0060,-,,0,0,Fitup Inspection of Roof plate Joint J.No : RBW 01 (184-NCR-MECH-0002 Close out),NOT_MATCHED,,,,,no QE document carries any of this row's identifiers
395,DANEM,DEW-5718-T-395,4391-RFI-DEW-0061,-,,0,0,REQUEST FOR INSPECTION Shell plate (SS2) Back chipping and grinding of Vertical joint Inspection of T-8952A,NOT_MATCHED,,,,,no QE document carries any of this row's identifiers
396,DANEM,DEW-5718-T-395,4391-RFI-DEW-0062,-,,0,0,REQUEST FOR INSPECTION Shell plate (SS2) Back chipping and grinding of Vertical joint Inspection of T-8952B,NOT_MATCHED,,,,,no QE document carries any of this row's identifiers
397,DANEM,DEW-5718-T-395,4391-RFI-DEW-0063,-,,0,0,REQUEST FOR INSPECTION Weld Visual Inspection of Roof plate Joint J.No : RLS 03 (184-NCR-MECH-0002 Close out),NOT_MATCHED,,,,,no QE document carries any of this row's identifiers
398,DANEM,DEW-5718-T-395,4391-RFI-DEW-0064,-,,0,0,REQUEST FOR INSPECTION Shell plate(SS2) Vertical Joint fitup Inspection of T-8952A,NOT_MATCHED,,,,,no QE document carries any of this row's identifiers
399,DANEM,DEW-5718-T-395,4391-RFI-DEW-0065,-,,0,0,REQUEST FOR INSPECTION Shell plate(SS2) Vertical joint fitup Inspection of T-8952B,NOT_MATCHED,,,,,no QE document carries any of this row's identifiers
400,DANEM,DEW-5718-T-396,4391-RFI-DEW-0066,-,,0,0,REQUEST FOR INSPECTION MPI Inspection of Roof plate Welded Joint RLS -03 (184-NCR-MECH-0002 Close out),NOT_MATCHED,,,,,no QE document carries any of this row's identifiers
401,DANEM,DEW-5718-T-392,DEW-MG-TPCA-CV-0002,-,,0,0,TPCA CV FOR HIC TESTING (Mr. Vimosh Wilson - Sr. Inspection Engineer),NOT_MATCHED,,,,,no QE document carries any of this row's identifiers
402,DANEM,DEW-5718-T-393,DEW-5718-WPR-0031,-,,0,0,WEEKLY PROGRESS REPORT-0031 DANEM ENGINEERING-STORAGE TANKS WORK,NOT_MATCHED,,,,,no QE document carries any of this row's identifiers
403,DANEM,DEW-5718-T-397,DEW-5718-MPR-0006,-,,0,0,MONTHLY PROGRESS REPORT-0006 DANEM ENGINEERING-STORAGE TANKS WORKS,NOT_MATCHED,,,,,no QE document carries any of this row's identifiers
404,DANEM,DEW-5718-T-398,DEW-5718-WPR-0032,-,,0,0,WEEKLY PROGRESS REPORT-0032 DANEM ENGINEERING-STORAGE TANKS WORK,NOT_MATCHED,,,,,no QE document carries any of this row's identifiers
405,DANEM,DEW-5718-T-400,4391-DEW-MG-NFI-063,-,,0,0,Weld visual Inspection of Tank annular plate of T8950A/B.,NOT_MATCHED,,,,,no QE document carries any of this row's identifiers
406,DANEM,DEW-5718-T-402,4391-DEW-MG-NFI-064,-,,0,0,Paint Qualification test (PQT) for SCH-9,NOT_MATCHED,,,,,no QE document carries any of this row's identifiers
407,DANEM,DEW-5718-T-405,4391-DEW-MG-NFI-065,-,,0,0,HIC Test sample selection plate material,NOT_MATCHED,,,,,no QE document carries any of this row's identifiers
408,DANEM,DEW-5718-T-409,4391-DEW-MG-NFI-066,-,,0,0,Paint Qualification Test (PQT) for Schedule 9 (Final Inspection of Galvanized Test Plate and Surface Preparation Inspection of the Galvanized Test Plate Prior to the Primer Application),NOT_MATCHED,,,,,no QE document carries any of this row's identifiers
409,DANEM,DEW-5718-T-416,4391-DEW-MG-NFI-067,-,,0,0,REQUEST FOR INSPECTION Shell plate(SS2) Back chipping and grinding of Vertical joint Inspection of T-8952A,NOT_MATCHED,,,,,no QE document carries any of this row's identifiers
410,DANEM,DEW-5718-T-403,4391-DEW-MG-NFI-068,-,,0,0,REQUEST FOR INSPECTION Shell plate(SS2) Back chipping and grinding of Vertical joint Inspection of T-8952B,NOT_MATCHED,,,,,no QE document carries any of this row's identifiers
411,DANEM,DEW-5718-T-404,4391-RFI-DEW-0069,-,,0,0,REQUEST FOR INSPECTION MPI Inspection of Roof plate Welded Joint RLS -03 (184-NCR-MECH-0002 Close out),NOT_MATCHED,,,,,no QE document carries any of this row's identifiers
412,DANEM,DEW-5718-T-407,4391-RFI-DEW-0070,-,,0,0,REQUEST FOR INSPECTION Shell plate (SS2) Back chipping and grinding of Vertical joint Inspection of T-8949,NOT_MATCHED,,,,,no QE document carries any of this row's identifiers
413,DANEM,DEW-5718-T-407,4391-RFI-DEW-0071,-,,0,0,REQUEST FOR INSPECTION Shell plate (SS2) Vertical Joint fitup Inspection of T-8952A,NOT_MATCHED,,,,,no QE document carries any of this row's identifiers
414,DANEM,DEW-5718-T-407,4391-RFI-DEW-0072,-,,0,0,REQUEST FOR INSPECTION Shell plate (SS2) Vertical joint fitup Inspection of T-8952B,NOT_MATCHED,,,,,no QE document carries any of this row's identifiers
415,DANEM,DEW-5718-T-407,4391-RFI-DEW-0073,-,,0,0,REQUEST FOR INSPECTION Fitup Inspection of Roof plate to crown plate / REPORT No: DEW-5718-8952B-FIT-016,NOT_MATCHED,,,,,no QE document carries any of this row's identifiers
416,DANEM,DEW-5718-T-412,DEW-5718-WPR-0033,-,,0,0,WEEKLY PROGRESS REPORT-0033 DANEM ENGINEERING-STORAGE TANKS WORK,NOT_MATCHED,,,,,no QE document carries any of this row's identifiers
417,DANEM,DEW-5718-T-414,4391-RFI-DEW-0074,-,,0,0,REQUEST FOR INSPECTION Weld visual & MPI Inspection of Lifting Hook Lug (Temporary Attachment weld),NOT_MATCHED,,,,,no QE document carries any of this row's identifiers
418,DANEM,DEW-5718-T-414,4391-RFI-DEW-0075,-,,0,0,REQUEST FOR INSPECTION Shell plate (SS2) Back chipping and grinding of Vertical joint Inspection of T-8952A,NOT_MATCHED,,,,,no QE document carries any of this row's identifiers
419,DANEM,DEW-5718-T-414,4391-RFI-DEW-0076,-,,0,0,REQUEST FOR INSPECTION Shell plate (SS2) Back chipping and grinding of Vertical joint Inspection of T-8952B,NOT_MATCHED,,,,,no QE document carries any of this row's identifiers
420,DANEM,DEW-5718-T-414,4391-RFI-DEW-0077,-,,0,0,REQUEST FOR INSPECTION Weld visual & MPI Inspection of Roof plate & Crown plate (Partial weld of Rafter erection area in Roof & crown plate),NOT_MATCHED,,,,,no QE document carries any of this row's identifiers
421,DANEM,DEW-5718-T-417,4391-RFI-DEW-0078,-,,0,0,REQUEST FOR INSPECTION Weld visual & MPI Inspection of Lifting Hook Lug (Temporary Attachment weld),NOT_MATCHED,,,,,no QE document carries any of this row's identifiers
422,DANEM,DEW-5718-T-417,4391-RFI-DEW-0079,-,,0,0,REQUEST FOR INSPECTION (Shell plate (SS2) Vertical Joint fitup Inspection of T-8948),NOT_MATCHED,,,,,no QE document carries any of this row's identifiers
423,DANEM,DEW-5718-T-417,4391-RFI-DEW-0080,-,,0,0,REQUEST FOR INSPECTION (Shell plate (SS2) Dimensional checking Inspection of T-8952A),NOT_MATCHED,,,,,no QE document carries any of this row's identifiers
424,DANEM,DEW-5718-T-417,4391-RFI-DEW-0081,-,,0,0,REQUEST FOR INSPECTION (Shell plate (SS2) Dimensional checking Inspection of T-8952B),NOT_MATCHED,,,,,no QE document carries any of this row's identifiers
425,DANEM,DEW-5718-T-417,4391-RFI-DEW-0082,-,,0,0,REQUEST FOR INSPECTION (Shell plate (SS2) Dimensional check Inspection of T-8949),NOT_MATCHED,,,,,no QE document carries any of this row's identifiers
426,DANEM,DEW-5718-T-417,4391-RFI-DEW-0083,-,,0,0,REQUEST FOR INSPECTION (Shell plate (SS2) Dimensional check Inspection of T-8948),NOT_MATCHED,,,,,no QE document carries any of this row's identifiers
427,DANEM,DEW-5718-T-417,4391-RFI-DEW-0084,-,,0,0,REQUEST FOR INSPECTION (Weld visual & MPI Inspection of Lifting Hook Lug (Temporary Attachment weld)),NOT_MATCHED,,,,,no QE document carries any of this row's identifiers
428,DANEM,DEW-5718-T-419,4391-RFI-DEW-0085,-,,0,0,REQUEST FOR INSPECTION (Shell plate (SS2) Vertical Joint fitup Inspection of T-8949),NOT_MATCHED,,,,,no QE document carries any of this row's identifiers
429,DANEM,DEW-5718-T-421,4391-RFI-DEW-0085,-,,0,0,REQUEST FOR INSPECTION (Shell plate (SS2) Vertical Joint fitup Inspection of T-8948),NOT_MATCHED,,,,,no QE document carries any of this row's identifiers
430,DANEM,DEW-5718-T-421,4391-RFI-DEW-0085,-,,0,0,REQUEST FOR INSPECTION (Shell plate (SS2) Back chipping and grinding of Vertical joint Inspection of T-8948),NOT_MATCHED,,,,,no QE document carries any of this row's identifiers
431,DANEM,DEW-5718-T-421,4391-RFI-DEW-0085,-,,0,0,REQUEST FOR INSPECTION (Shell plate (SS2) Back chipping and grinding of Vertical joint Inspection of T-8949),NOT_MATCHED,,,,,no QE document carries any of this row's identifiers
432,DANEM,DEW-5718-T-421,4391-RFI-DEW-0085,-,,0,0,REQUEST FOR INSPECTION (Weld visual & MPI Inspection of Roof plate & Crown plate (Partial weld of Rafter erection area in Roof & crown plate)),NOT_MATCHED,,,,,no QE document carries any of this row's identifiers
433,DANEM,DEW-5718-T-422,4391-RFI-DEW-0090,-,,0,0,REQUEST FOR INSPECTION (Weld Visual & MPI Inspection of Lifting Hook Lug (Temporary Attachment Weld),NOT_MATCHED,,,,,no QE document carries any of this row's identifiers
434,DANEM,DEW-5718-T-422,4391-RFI-DEW-0091,-,,0,0,REQUEST FOR INSPECTION (Shell plate (SS2) Vertical Joint Weld Visual Inspection of T-8952B),NOT_MATCHED,,,,,no QE document carries any of this row's identifiers
435,DANEM,DEW-5718-T-422,4391-RFI-DEW-0092,-,,0,0,REQUEST FOR INSPECTION (Shell plate (SS2) Back chipping and grinding of Vertical joint Inspection of T-8948),NOT_MATCHED,,,,,no QE document carries any of this row's identifiers
436,DANEM,DEW-5718-T-423,DEW-5718-WPR-0034,-,,0,0,WEEKLY PROGRESS REPORT-0034 DANEM ENGINEERING-STORAGE TANKS WORK,NOT_MATCHED,,,,,no QE document carries any of this row's identifiers
437,DANEM,DEW-5718-T-424,4391-RFI-DEW-0093,-,,0,0,REQUEST FOR INSPECTION (Shell plate (SS1) Vertical Joint Fitup Inspection of T-8952B),NOT_MATCHED,,,,,no QE document carries any of this row's identifiers
438,DANEM,DEW-5718-T-424,4391-RFI-DEW-0094,-,,0,0,REQUEST FOR INSPECTION (Shell plate (SS1) Dimensional Checking Inspection of T-8952B),NOT_MATCHED,,,,,no QE document carries any of this row's identifiers
439,DANEM,DEW-5718-T-424,4391-RFI-DEW-0095,-,,0,0,REQUEST FOR INSPECTION (Shell plate (SS2) Vertical Joint Weld Visual Inspection of T-8952A,NOT_MATCHED,,,,,no QE document carries any of this row's identifiers
440,DANEM,DEW-5718-T-426,4391-DEW-MG-NFI-068,-,,0,0,NOTIFICATION FOR INSPECTION HIC Test for Plate Material,NOT_MATCHED,,,,,no QE document carries any of this row's identifiers
441,DANEM,DEW-5718-T-426,4391-DEW-MG-NFI-069,-,,0,0,"NOTIFICATION FOR INSPECTION Pull-off test -Painting schedule No: 9 -Paint Manufacturer: Jotun Visual inspection, DFT Checking",NOT_MATCHED,,,,,no QE document carries any of this row's identifiers
442,DANEM,DEW-5718-T-427,4391-RFI-DEW-0096,-,,0,0,REQUEST FOR INSPECTION (Shell plate (SS1) Back chipping and grinding of Vertical joint Inspection of T-8952B),NOT_MATCHED,,,,,no QE document carries any of this row's identifiers
443,DANEM,DEW-5718-T-427,4391-RFI-DEW-0097,-,,0,0,REQUEST FOR INSPECTION (Shell plate (SS1) Vertical joint fitup and dimensional checking Inspection of T-8952A),NOT_MATCHED,,,,,no QE document carries any of this row's identifiers
444,DANEM,DEW-5718-T-427,4391-RFI-DEW-0098,-,,0,0,REQUEST FOR INSPECTION (Shell plate (SS1) Vertical Joint fitup and dimensional checking Inspection of T-8949),NOT_MATCHED,,,,,no QE document carries any of this row's identifiers
445,DANEM,DEW-5718-T-427,4391-RFI-DEW-0099,-,,0,0,REQUEST FOR INSPECTION (Shell plate (SS2) Vertical Joint Weld Visual Inspection of T-8952A),NOT_MATCHED,,,,,no QE document carries any of this row's identifiers
446,DANEM,DEW-5718-T-432,4391-RFI-DEW-0100,-,,0,0,REQUEST FOR INSPECTION (Shell plate (SS1) Vertical joint fitup and dimensional checking Inspection of T-8952A),NOT_MATCHED,,,,,no QE document carries any of this row's identifiers
447,DANEM,DEW-5718-T-432,4391-RFI-DEW-0101,-,,0,0,"REQUEST FOR INSPECTION (Shell plate (SS1) Vertical, Horizontal joint fitup and dimensional checking Inspection of T-8952B)",NOT_MATCHED,,,,,no QE document carries any of this row's identifiers
448,DANEM,DEW-5718-T-432,4391-RFI-DEW-0102,-,,0,0,REQUEST FOR INSPECTION (Shell plate (SS1) Vertical Joint fitup and dimensional checking Inspection of T-8949),NOT_MATCHED,,,,,no QE document carries any of this row's identifiers
449,DANEM,DEW-5718-T-432,4391-RFI-DEW-0103,-,,0,0,REQUEST FOR INSPECTION (Shell plate (SS1) Back Chipping and Grinding of Vertical Joint Inspection of T-8952A),NOT_MATCHED,,,,,no QE document carries any of this row's identifiers
450,DANEM,DEW-5718-T-432,4391-RFI-DEW-0104,-,,0,0,REQUEST FOR INSPECTION (Shell plate (SS1) Back Chipping and Grinding of Vertical Joint Inspection of T-8949),NOT_MATCHED,,,,,no QE document carries any of this row's identifiers
451,DANEM,DEW-5718-T-433,DEW-MG-TPI-CV-0001,,,0,0,ABS TPI CV FOR PIPES AND FITTINGS 3.2 CERTIFICATION (Mr. PRADEEP VIJAYAN NAIR - WELDING INSPECTOR),NOT_MATCHED,,,,,no QE document carries any of this row's identifiers
452,DANEM,DEW-5718-T-434,4391-RFI-DEW-0105,-,,0,0,REQUEST FOR INSPECTION (Shell plate (SS2) Vertical joint Weld Visual Inspection of T-8949),NOT_MATCHED,,,,,no QE document carries any of this row's identifiers
453,DANEM,DEW-5718-T-434,4391-RFI-DEW-0106,-,,0,0,REQUEST FOR INSPECTION (Shell Course plate (SS2) Dimensional check Inspection of T-8949),NOT_MATCHED,,,,,no QE document carries any of this row's identifiers
454,DANEM,DEW-5718-T-435,4391-DEW-MG-NFI-070,-,,0,0,NOTIFICATION FOR INSPECTION Fit-up Inspection of Tank annular to Bottom plate of T8950A,NOT_MATCHED,,,,,no QE document carries any of this row's identifiers
455,DANEM,DEW-5718-T-438,DEW-5718-WPR-0035,-,,0,0,WEEKLY PROGRESS REPORT-0035 DANEM ENGINEERING-STORAGE TANKS WORK,NOT_MATCHED,,,,,no QE document carries any of this row's identifiers
456,DANEM,DEW-5718-T-439,DEW-5718-MPR-0007,-,,0,0,MONTHLY PROGRESS REPORT-0007 DANEM ENGINEERING-STORAGE TANKS WORKS,NOT_MATCHED,,,,,no QE document carries any of this row's identifiers
457,DANEM,DEW-5718-T-440,4391-RFI-DEW-0107,-,,0,0,REQUEST FOR INSPECTION (Shell plate (SS2) Back Chipping and Grinding of Vertical joint Inspection of T-8952A),NOT_MATCHED,,,,,no QE document carries any of this row's identifiers
458,DANEM,DEW-5718-T-440,4391-RFI-DEW-0108,-,,0,0,REQUEST FOR INSPECTION (Shell plate (SS1) Back Chipping and Grinding of Vertical joint Inspection of T-8952B),NOT_MATCHED,,,,,no QE document carries any of this row's identifiers
459,DANEM,DEW-5718-T-440,4391-RFI-DEW-0109,-,,0,0,REQUEST FOR INSPECTION (Shell plate (SS1) Vertical joint Fitup and Dimensional checking Inspection of T-8952A),NOT_MATCHED,,,,,no QE document carries any of this row's identifiers
460,DANEM,DEW-5718-T-440,4391-RFI-DEW-0110,-,,0,0,REQUEST FOR INSPECTION (Shell plate (SS1) Vertical joint Fitup and Dimensional checking Inspection of T-8948),NOT_MATCHED,,,,,no QE document carries any of this row's identifiers
461,DANEM,DEW-5718-T-442,4391-RFI-DEW-0110,-,,0,0,REQUEST FOR INSPECTION (Shell plate (SS1) Vertical Joint Fitup and Dimensional Checking Inspection of T-8952A),NOT_MATCHED,,,,,no QE document carries any of this row's identifiers
462,DANEM,DEW-5718-T-442,4391-RFI-DEW-0110,-,,0,0,REQUEST FOR INSPECTION (Shell plate (SS2) Vertical Joint Fitup and Dimensional Checking Inspection of T-8948),NOT_MATCHED,,,,,no QE document carries any of this row's identifiers
463,DANEM,DEW-5718-T-444,4391-DEW-MG-NFI-071,-,,0,0,NOTIFICATION FOR INSPECTION Shell plate rolling of T-8950A/B,NOT_MATCHED,,,,,no QE document carries any of this row's identifiers
464,DANEM,DEW-5718-T-445,4391-RFI-DEW-0113,-,,0,0,REQUEST FOR INSPECTION (Shell plate (SS1) Horizontal Joint Fitup and Dimensional Checking Inspection of T-8952A),NOT_MATCHED,,,,,no QE document carries any of this row's identifiers
465,DANEM,DEW-5718-T-445,4391-RFI-DEW-0114,-,,0,0,REQUEST FOR INSPECTION (Shell plate (SS2 & SS1) Back Chipping and Grinding of Horizontal Joint Inspection of T-8952B),NOT_MATCHED,,,,,no QE document carries any of this row's identifiers
466,DANEM,DEW-5718-T-445,4391-RFI-DEW-0115,-,,0,0,REQUEST FOR INSPECTION (Shell plate (SS1) Back Chipping and Grinding of Vertical Joint Inspection of T-8949),NOT_MATCHED,,,,,no QE document carries any of this row's identifiers
467,DANEM,DEW-5718-T-446,4391-RFI-DEW-0116,-,,0,0,REQUEST FOR INSPECTION (Weld Visual & MPI Inspection of Lifting Hook Lug (Temporary Attachment Weld),NOT_MATCHED,,,,,no QE document carries any of this row's identifiers
468,DANEM,DEW-5718-T-446,4391-RFI-DEW-0117,-,,0,0,REQUEST FOR INSPECTION (Shell plate (SS2 & SS1) Back Chipping and Grinding of Vertical Joint Inspection of T-8948),NOT_MATCHED,,,,,no QE document carries any of this row's identifiers
469,DANEM,DEW-5718-T-448,4391-RFI-DEW-0118,-,,0,0,REQUEST FOR INSPECTION (Shell plate (SS1) Vertical Joint Weld Fitup & Dimensional Checking Inspection of T-8949),NOT_MATCHED,,,,,no QE document carries any of this row's identifiers
470,DANEM,DEW-5718-T-448,4391-RFI-DEW-0119,-,,0,0,REQUEST FOR INSPECTION (Shell plate (SS2) Vertical Joint Weld Visual Inspection of T-8949),NOT_MATCHED,,,,,no QE document carries any of this row's identifiers
471,DANEM,DEW-5718-T-448,4391-RFI-DEW-0120,-,,0,0,REQUEST FOR INSPECTION (Shell Course Plate (SS2) Dimensional Check Inspection of T-8949),NOT_MATCHED,,,,,no QE document carries any of this row's identifiers
472,DANEM,DEW-5718-T-449,4391-DEW-MG-NFI-072,-,,0,0,NOTIFICATION FOR INSPECTION Shell plate rolling of T-8950A/B,NOT_MATCHED,,,,,no QE document carries any of this row's identifiers
473,DANEM,DEW-5718-T-450,4391-RFI-DEW-0122,-,,0,0,REQUEST FOR INSPECTION (Welding Consumables (Electrodes) Receiving Inspection -ESAB),NOT_MATCHED,,,,,no QE document carries any of this row's identifiers
474,DANEM,DEW-5718-T-452,4391-RFI-DEW-0123,-,,0,0,REQUEST FOR INSPECTION (Shell plate (SS1) Back Chipping and grinding of Vertical Joint Inspection of T-8949),NOT_MATCHED,,,,,no QE document carries any of this row's identifiers
475,DANEM,DEW-5718-T-452,4391-RFI-DEW-0124,-,,0,0,REQUEST FOR INSPECTION (Shell plate (SS1) Vertical Joint Fitup and Dimensional Checking Inspection of T-8948),NOT_MATCHED,,,,,no QE document carries any of this row's identifiers
476,DANEM,DEW-5718-T-452,4391-RFI-DEW-0125,-,,0,0,REQUEST FOR INSPECTION (Shell plate (SS1 & SS2) Horizontal Joint Fitup and Dimensional Checking Inspection of T-8949),NOT_MATCHED,,,,,no QE document carries any of this row's identifiers
477,DANEM,DEW-5718-T-453,DEW-5718-WPR-0036,,,0,0,WEEKLY PROGRESS REPORT-0036 DANEM ENGINEERING-STORAGE TANKS WORK,NOT_MATCHED,,,,,no QE document carries any of this row's identifiers
478,DANEM,DEW-5718-T-455,4391-DEW-MG-NFI-073,-,,0,0,NOTIFICATION FOR INSPECTION Fit-up Inspection of Tank Shell plates of T8950A/B,NOT_MATCHED,,,,,no QE document carries any of this row's identifiers
479,DANEM,DEW-5718-T-456,4391-RFI-DEW-0126,-,,0,0,REQUEST FOR INSPECTION (Inspection of Shell plate Horizontal Joint Back Chipping Inspection T-8952A),NOT_MATCHED,,,,,no QE document carries any of this row's identifiers
480,DANEM,DEW-5718-T-456,4391-RFI-DEW-0127,-,,0,0,REQUEST FOR INSPECTION (Shell plate (SS1) Black Chipping and Grinding of Vertical Joint Inspection of T-8948),NOT_MATCHED,,,,,no QE document carries any of this row's identifiers
481,DANEM,DEW-5718-T-457,4391-DEW-MG-NFI-074,-,,0,0,NOTIFICATION FOR INSPECTION Material Inspection of Structural Material,NOT_MATCHED,,,,,no QE document carries any of this row's identifiers
482,DANEM,DEW-5718-T-458,4391-RFI-DEW-0128,-,,0,0,REQUEST FOR INSPECTION Welding Consumables (Electrodes) Receiving Inspection-ESAB,NOT_MATCHED,,,,,no QE document carries any of this row's identifiers
483,DANEM,DEW-5718-T-458,4391-RFI-DEW-0128,-,,0,0,REQUEST FOR INSPECTION Fitup Inspection for Roof Plate,NOT_MATCHED,,,,,no QE document carries any of this row's identifiers
484,DANEM,DEW-5718-T-461,4391-RFI-DEW-0130,-,,0,0,REQUEST FOR INSPECTION (Shell plate (SS1) Vertical Joint Fitup and Dimensional Checking Inspection of T-8948),NOT_MATCHED,,,,,no QE document carries any of this row's identifiers
485,DANEM,DEW-5718-T-461,4391-RFI-DEW-0131,-,,0,0,REQUEST FOR INSPECTION (Shell plate (SS1 & SS2) Horizontal Joint Fitup and Dimensional Checking Inspection of T-8949),NOT_MATCHED,,,,,no QE document carries any of this row's identifiers
486,DANEM,DEW-5718-T-462,4391-RFI-DEW-0132,-,,0,0,REQUEST FOR INSPECTION (Shell plate (SS1) Back Chipping and Grinding of Vertical Joint Inspection of T-8948),NOT_MATCHED,,,,,no QE document carries any of this row's identifiers
487,DANEM,DEW-5718-T-464,4391-RFI-DEW-0133,-,,0,0,REQUEST FOR INSPECTION (Receiving Fabricated Material Inspection of Curb Angle T-8952 A&B),NOT_MATCHED,,,,,no QE document carries any of this row's identifiers
488,DANEM,DEW-5718-T-466,DEW-5718-WPR-0037,-,,0,0,WEEKLY PROGRESS REPORT-0037 DANEM ENGINEERING-STORAGE TANKS WORK,NOT_MATCHED,,,,,no QE document carries any of this row's identifiers
489,DANEM,DEW-5718-T-469,4391-RFI-DEW-0134,-,,0,0,REQUEST FOR INSPECTION (Shell Plate (SS1) Vertical Joint Weld Visual Inspection of T-8952B),NOT_MATCHED,,,,,no QE document carries any of this row's identifiers
490,DANEM,DEW-5718-T-469,4391-RFI-DEW-0135,-,,0,0,REQUEST FOR INSPECTION (Shell Plate (SS1 & SS2) Dimensional Checking Inspection of T-8952B),NOT_MATCHED,,,,,no QE document carries any of this row's identifiers
491,DANEM,DEW-5718-T-469,4391-RFI-DEW-0136,-,,0,0,REQUEST FOR INSPECTION (MPI Inspection of Curb Angle Erection Area in Shell Plate (SS1) of Vertical Joints),NOT_MATCHED,,,,,no QE document carries any of this row's identifiers
492,DANEM,DEW-5718-T-472,4391-DEW-MG-NFI-075,-,,0,0,4391-DEW-MG-NFI-075,NOT_MATCHED,,,,,no QE document carries any of this row's identifiers
493,DANEM,DEW-5718-T-473,DEW-5718-MPP-0001,-,,0,0,PROCUREMENT PROCEDURE,NOT_MATCHED,,,,,no QE document carries any of this row's identifiers
494,DANEM,DEW-5718-T-475,4391-RFI-DEW-0137,-,,0,0,REQUEST FOR INSPECTION (Shell plate (SS1) Vertical joint fitup and dimensional checking Inspection of T-8948),NOT_MATCHED,,,,,no QE document carries any of this row's identifiers
495,DANEM,DEW-5718-T-475,4391-RFI-DEW-0138,-,,0,0,REQUEST FOR INSPECTION (Fit-up inspection of Curb angle T-8952B),NOT_MATCHED,,,,,no QE document carries any of this row's identifiers
496,DANEM,DEW-5718-T-475,4391-RFI-DEW-0139,-,,0,0,REQUEST FOR INSPECTION (Roof Plate fitup Inspection of T-8948),NOT_MATCHED,,,,,no QE document carries any of this row's identifiers
497,DANEM,DEW-5718-T-475,4391-RFI-DEW-0140,-,,0,0,REQUEST FOR INSPECTION (Shell plate (SS1 & SS2) Back chipping and grinding of Horizontal joint Inspection of T-8949),NOT_MATCHED,,,,,no QE document carries any of this row's identifiers
498,DANEM,DEW-5718-T-476,4391-RFI-DEW-0141,-,,0,0,REQUEST FOR INSPECTION (Weld visual & MPI Inspection of Lifting Hook Lug in Roof Plate (Temporary Attachment weld)),NOT_MATCHED,,,,,no QE document carries any of this row's identifiers
499,DANEM,DEW-5718-T-476,4391-RFI-DEW-0142,-,,0,0,REQUEST FOR INSPECTION (Weld visual & MPI Inspection of Roof plate joint (Partial weld of Rafter erection area in Roof plate)),NOT_MATCHED,,,,,no QE document carries any of this row's identifiers
500,DANEM,DEW-5718-T-476,4391-RFI-DEW-0143,-,,0,0,REQUEST FOR INSPECTION (Shell plate (SS1) Back chipping and grinding of Vertical joint Inspection of T-8948),NOT_MATCHED,,,,,no QE document carries any of this row's identifiers
501,DANEM,DEW-5718-T-480,4391-RFI-DEW-0144,-,,0,0,REQUEST FOR INSPECTION (Shell plate (SS1 & SS2) Horizontal joint fitup and dimensional checking Inspection of T-8948),NOT_MATCHED,,,,,no QE document carries any of this row's identifiers
502,DANEM,DEW-5718-T-480,4391-RFI-DEW-0145,-,,0,0,REQUEST FOR INSPECTION (Weld Visual inspection of Curb angle T-8952B),NOT_MATCHED,,,,,no QE document carries any of this row's identifiers
503,DANEM,DEW-5718-T-480,4391-RFI-DEW-0146,-,,0,0,REQUEST FOR INSPECTION (MPI Inspection of curb angle welded joints),NOT_MATCHED,,,,,no QE document carries any of this row's identifiers
504,DANEM,DEW-5718-T-484,4391-RFI-DEW-0147,-,,0,0,REQUEST FOR INSPECTION (Shell plate (SS1) vertical Joint Weld Visual Inspection of T-8952A),NOT_MATCHED,,,,,no QE document carries any of this row's identifiers
505,DANEM,DEW-5718-T-484,4391-RFI-DEW-0148,-,,0,0,REQUEST FOR INSPECTION (Shell plate (SS1 & SS2) Dimensional Checking Inspection of T-8952A),NOT_MATCHED,,,,,no QE document carries any of this row's identifiers
506,DANEM,DEW-5718-T-485,4391-DEW-MG-NFI-076,-,,0,0,NOTIFICATION FOR INSPECTION Weld visual Inspection of Tank Shell Vertical Joints of T8950A/B,NOT_MATCHED,,,,,no QE document carries any of this row's identifiers
507,DANEM,DEW-5718-T-473,DEW-5718-WPR-0038,-,,0,0,WEEKLY PROGRESS REPORT-0038 DANEM ENGINEERING-STORAGE TANKS WORK,NOT_MATCHED,,,,,no QE document carries any of this row's identifiers
508,DANEM,DEW-5718-T-488,4391-RFI-DEW-0149,-,,0,0,REQUEST FOR INSPECTION (Roof Plate Fitup Inspection T-8952A),NOT_MATCHED,,,,,no QE document carries any of this row's identifiers
509,DANEM,DEW-5718-T-488,4391-RFI-DEW-0150,-,,0,0,REQUEST FOR INSPECTION (MPI Inspection of Curb Angle Erection Area in Shell Plate (SS1) of Vertical Joints),NOT_MATCHED,,,,,no QE document carries any of this row's identifiers
510,DANEM,DEW-5718-T-489,4391-DEW-MG-NFI-077,-,,0,0,NOTIFICATION FOR INSPECTION Material Upgradation of 3.1 Certified Material- Sample Identification for Testing,NOT_MATCHED,,,,,no QE document carries any of this row's identifiers
511,DANEM,DEW-5718-T-490,4391-RFI-DEW-0151,-,,0,0,REQUEST FOR INSPECTION Fit-up Inspection of Curb Angle T-8952A,NOT_MATCHED,,,,,no QE document carries any of this row's identifiers
512,DANEM,DEW-5718-T-481,4391-DEW-MG-NFI-078,-,,0,0,"NOTIFICATION FOR INSPECTION Weld visual, NDE-MPI Inspection & Curb Angle Fit up of Tank T8950A/B",NOT_MATCHED,,,,,no QE document carries any of this row's identifiers
513,DANEM,DEW-5718-T-493,4391-RFI-DEW-0152,-,,0,0,REQUEST FOR INSPECTION (Shell plate (SS1& SS2) Horizontal Joint Weld Visual Inspection of T-8952A),NOT_MATCHED,,,,,no QE document carries any of this row's identifiers
514,DANEM,DEW-5718-T-493,4391-RFI-DEW-0153,-,,0,0,REQUEST FOR INSPECTION (Shell plate (SS1& SS2) Horizontal Joint Weld Visual Inspection of T-8952B),NOT_MATCHED,,,,,no QE document carries any of this row's identifiers
515,DANEM,DEW-5718-T-493,4391-RFI-DEW-0154,-,,0,0,REQUEST FOR INSPECTION (Shell plate (SS1 & SS2) Back chipping and grinding of Horizontal joint Inspection of T-8948),NOT_MATCHED,,,,,no QE document carries any of this row's identifiers
516,DANEM,DEW-5718-T-493,DEW-5718-WPR-0039,-,,0,0,WEEKLY PROGRESS REPORT-0039 DANEM ENGINEERING-STORAGE TANKS WORK,NOT_MATCHED,,,,,no QE document carries any of this row's identifiers
517,DANEM,DEW-5718-T-495,4391-RFI-DEW-0155,-,,0,0,REQUEST FOR INSPECTION (Fit Up Inspection for Roof Plate J.NO RLS-03 Bevel Joint For T-8952A),NOT_MATCHED,,,,,no QE document carries any of this row's identifiers
518,DANEM,DEW-5718-T-495,4391-RFI-DEW-0156,-,,0,0,REQUEST FOR INSPECTION (Fit Up Inspection for Roof Plate J.NO RLS-03 Bevel Joint For T-8949),NOT_MATCHED,,,,,no QE document carries any of this row's identifiers
519,DANEM,DEW-5718-T-495,4391-RFI-DEW-0157,-,,0,0,REQUEST FOR INSPECTION (Weld Visual and MPI Inspection of Roof plate Joint J.No : RLS 03 Partial welded of crown plate erection area),NOT_MATCHED,,,,,no QE document carries any of this row's identifiers
520,DANEM,DEW-5718-T-495,4391-RFI-DEW-0158,-,,0,0,REQUEST FOR INSPECTION (Weld Visual and MPI Inspection of Roof plate Joint J.No : RLS 03 Partial welded of crown plate erection area),NOT_MATCHED,,,,,no QE document carries any of this row's identifiers
521,DANEM,DEW-5718-T-496,4391-DEW-MG-NFI-079,-,,0,0,NOTIFICATION FOR INSPECTION Curb Angle Fit up of Tank T8950A/B,NOT_MATCHED,,,,,no QE document carries any of this row's identifiers
522,DANEM,DEW-5718-T-497,4391-RFI-DEW-0159,-,,0,0,REQUEST FOR INSPECTION (Shell Plate (SS1 & SS2) Vertical & Horizontal Joint Weld Visual Inspection of T-8949),NOT_MATCHED,,,,,no QE document carries any of this row's identifiers
523,DANEM,DEW-5718-T-497,4391-RFI-DEW-0160,-,,0,0,REQUEST FOR INSPECTION (Shell Course Plate (SS2 & SS1) Dimensional Check Inspection of T-8949),NOT_MATCHED,,,,,no QE document carries any of this row's identifiers
524,DANEM,DEW-5718-T-497,4391-RFI-DEW-0161,-,,0,0,REQUEST FOR INSPECTION (Fitup Inspection of Roof Plate & Crown Plate),NOT_MATCHED,,,,,no QE document carries any of this row's identifiers
525,DANEM,DEW-5718-T-497,4391-RFI-DEW-0162,-,,0,0,REQUEST FOR INSPECTION (Fitup Inspection of Roof Plate & Crown Plate),NOT_MATCHED,,,,,no QE document carries any of this row's identifiers
526,DANEM,DEW-5718-T-497,4391-RFI-DEW-0163,-,,0,0,REQUEST FOR INSPECTION (Receiving Fabricated Material Inspection of Curb Angle T-8948 & T-8949),NOT_MATCHED,,,,,no QE document carries any of this row's identifiers
527,DANEM,DEW-5718-T-498,DEW-5718-CV-0003,,,0,0,CVs OF KEY PERSONNEL (AJITH. K. BALAN_Sr. Project Engineer - Storage Tanks),NOT_MATCHED,,,,,no QE document carries any of this row's identifiers
528,DANEM,DEW-5718-T-499,DEW-5718-MPR-0008,,,0,0,MONTHLY PROGRESS REPORT-0008 DANEM ENGINEERING-STORAGE TANKS WORKS,NOT_MATCHED,,,,,no QE document carries any of this row's identifiers
529,DANEM,DEW-5718-T-501,4391-RFI-DEW-0164,-,,0,0,REQUEST FOR INSPECTION (Weld Visual & MPI Inspection of Roof Plate Joint (Partial Weld of Rafter Erection Area in Roof Plate),NOT_MATCHED,,,,,no QE document carries any of this row's identifiers
530,DANEM,DEW-5718-T-501,4391-RFI-DEW-0165,-,,0,0,REQUEST FOR INSPECTION (Weld Visual Inspection of Curb Angle T-8952A),NOT_MATCHED,,,,,no QE document carries any of this row's identifiers
531,DANEM,DEW-5718-T-501,4391-RFI-DEW-0166,-,,0,0,REQUEST FOR INSPECTION (MPI Inspection of Curb Angle in Weld Joints),NOT_MATCHED,,,,,no QE document carries any of this row's identifiers
532,DANEM,DEW-5718-T-501,4391-RFI-DEW-0167,-,,0,0,REQUEST FOR INSPECTION (Weld Visual & MPI Inspection of Lifting Hook Lug in Roof Plate (Temporary Attachment Weld),NOT_MATCHED,,,,,no QE document carries any of this row's identifiers
533,DANEM,DEW-5718-T-502,4391-DEW-MG-NFI-080,-,,0,0,NOTIFICATION FOR INSPECTION Material Upgradation of 3.1 Certified Material- Test Witnessing,NOT_MATCHED,,,,,no QE document carries any of this row's identifiers
534,DANEM,DEW-5718-T-504,4391-RFI-DEW-0168,-,,0,0,REQUEST FOR INSPECTION (Shell Plate (SS1 & SS2) Vertical & Horizontal Joint Visual Inspection of T-8949),NOT_MATCHED,,,,,no QE document carries any of this row's identifiers
535,DANEM,DEW-5718-T-504,4391-RFI-DEW-0169,-,,0,0,REQUEST FOR INSPECTION (Shell Coarse Plate (SS2 &SS1) Dimensional Check Inspection of T-8949),NOT_MATCHED,,,,,no QE document carries any of this row's identifiers
536,DANEM,DEW-5718-T-504,4391-RFI-DEW-0170,-,,0,0,REQUEST FOR INSPECTION (Fitup Inspection of Curb Angle to Roof Plate),NOT_MATCHED,,,,,no QE document carries any of this row's identifiers
537,DANEM,DEW-5718-T-504,4391-RFI-DEW-0171,-,,0,0,REQUEST FOR INSPECTION (MPI Inspection of Vertical Welded Joints in Curb Angle Erection Area),NOT_MATCHED,,,,,no QE document carries any of this row's identifiers
538,DANEM,DEW-5718-T-506,4391-RFI-DEW-0172,-,,0,0,REQUEST FOR INSPECTION (Shell plate (SS1 to SS2) Horizontal Joint Weld Visual Inspection of T-8949),NOT_MATCHED,,,,,no QE document carries any of this row's identifiers
539,DANEM,DEW-5718-T-506,4391-RFI-DEW-0172,-,,0,0,REQUEST FOR INSPECTION (Shell plate(SS1 & SS2) Dimensional checking Inspection of T-8949),NOT_MATCHED,,,,,no QE document carries any of this row's identifiers
540,DANEM,DEW-5718-T-506,4391-RFI-DEW-0172,-,,,,REQUEST FOR INSPECTION (Fitup Inspection of curb angle to roof plate & rafter Structure T-8952B),NOT_MATCHED,,,,,no QE document carries any of this row's identifiers
541,DANEM,DEW-5718-T-507,4391-DEW-MG-NFI-081,-,,0,0,NOTIFICATION FOR INSPECTION Horizontal Joint Fitup for T8950B and Roof Plate Fitup for T8950A/B,NOT_MATCHED,,,,,no QE document carries any of this row's identifiers
542,DANEM,DEW-5718-T-509,DEW-5718-WPR-0040,-,,0,0,WEEKLY PROGRESS REPORT-0040 DANEM ENGINEERING-STORAGE TANKS WORK,NOT_MATCHED,,,,,no QE document carries any of this row's identifiers
543,DANEM,DEW-5718-T-508,DEW-MG-TPCA-CV-0005,-,,0,0,CV of TPCA VERIFICATION / UPGRADATION TESTING OF EN10204 - 3.1 (Mr. NASKABIR VENGASSERY),NOT_MATCHED,,,,,no QE document carries any of this row's identifiers
544,DANEM,DEW-5718-T-511,4391-DEW-MG-NFI-082,-,,0,0,NOTIFICATION FOR INSPECTION Weld visual & NDE-MPI Inspection of Tank Shell Vertical Joints of T8950A/B.,NOT_MATCHED,,,,,no QE document carries any of this row's identifiers
545,DANEM,DEW-5718-T-511,4391-DEW-MG-NFI-083,-,,0,0,NOTIFICATION FOR INSPECTION MIR for Plates & Flanges,NOT_MATCHED,,,,,no QE document carries any of this row's identifiers
546,DANEM,DEW-5718-T-511,4391-DEW-MG-NFI-084,-,,0,0,NOTIFICATION FOR INSPECTION Material Upgradation of 3.1 Certified Material- Impact Test Witness,NOT_MATCHED,,,,,no QE document carries any of this row's identifiers
547,DANEM,DEW-5718-T-512,4391-RFI-DEW-0175,-,,0,0,REQUEST FOR INSPECTION (Fitup Inspection of Curb Angle to Roof Plate & Rafter Structure T-8952A),NOT_MATCHED,,,,,no QE document carries any of this row's identifiers
548,DANEM,DEW-5718-T-512,4391-RFI-DEW-0176,-,,0,0,REQUEST FOR INSPECTION (MPI Inspection of Temporary Attachments Removal Area in Shell Plate (SS1 & SS2) of T-8952A),NOT_MATCHED,,,,,no QE document carries any of this row's identifiers
549,DANEM,DEW-5718-T-514,4391-RFI-DEW-0177,-,,0,0,REQUEST FOR INSPECTION (Shell plate (SS1& SS2) Vertical Joint Weld Visual Inspection of T-8948),NOT_MATCHED,,,,,no QE document carries any of this row's identifiers
550,DANEM,DEW-5718-T-514,4391-RFI-DEW-0178,-,,0,0,REQUEST FOR INSPECTION (Shell Coarse plate (SS2 & SS1) Dimensional check Inspection of T-8948),NOT_MATCHED,,,,,no QE document carries any of this row's identifiers
551,DANEM,DEW-5718-T-514,4391-RFI-DEW-0179,-,,0,0,REQUEST FOR INSPECTION (Fit-up inspection of Curb angle T-8949),NOT_MATCHED,,,,,no QE document carries any of this row's identifiers
552,DANEM,DEW-5718-T-514,4391-RFI-DEW-0180,-,,0,0,REQUEST FOR INSPECTION (MPI Inspection of vertical welded joints in curb angle Erection area),NOT_MATCHED,,,,,no QE document carries any of this row's identifiers
553,DANEM,DEW-5718-T-514,4391-RFI-DEW-0181,-,,0,0,REQUEST FOR INSPECTION (DPI Inspection of RT Weld repair area of shell plate Vertical joint (HJ 01)),NOT_MATCHED,,,,,no QE document carries any of this row's identifiers
554,DANEM,DEW-5718-T-514,4391-RFI-DEW-0182,-,,0,0,REQUEST FOR INSPECTION (DPI Inspection of RT Weld repair area of shell plate Vertical joint (SS1VJ 01)),NOT_MATCHED,,,,,no QE document carries any of this row's identifiers
555,DANEM,DEW-5718-T-515,4391-DEW-MG-NFI-085,-,,0,0,NOTIFICATION FOR INSPECTION Material Upgradation of 3.1 Certified Material- Sample Identification for Testing,NOT_MATCHED,,,,,no QE document carries any of this row's identifiers
556,DANEM,DEW-5718-T-516,4391-RFI-DEW-0183,-,,0,0,REQUEST FOR INSPECTION (Weld visual Inspection of RT Weld repair area of shell plate Vertical joint (HJ 01)),NOT_MATCHED,,,,,no QE document carries any of this row's identifiers
557,DANEM,DEW-5718-T-516,4391-RFI-DEW-0184,-,,0,0,REQUEST FOR INSPECTION (Weld Visual Inspection of RT Weld repair area of shell plate Vertical joint (SS1VJ 01)),NOT_MATCHED,,,,,no QE document carries any of this row's identifiers
558,DANEM,DEW-5718-T-520,4391-DEW-MG-NFI-086,-,,0,0,NOTIFICATION FOR INSPECTION MIR for Structural Materials,NOT_MATCHED,,,,,no QE document carries any of this row's identifiers
559,DANEM,DEW-5718-T-521,DEW-5718-WPR-0041,-,,0,0,WEEKLY PROGRESS REPORT-0041 DANEM ENGINEERING-STORAGE TANKS WORK,NOT_MATCHED,,,,,no QE document carries any of this row's identifiers
560,DANEM,DEW-5718-T-522,DEW-MG-QAQC-CV-0003,-,,0,0,CV OF QAQC ENGINEER (Mr. JITHIN JOSEPH),NOT_MATCHED,,,,,no QE document carries any of this row's identifiers
561,DANEM,DEW-5718-T-523,4391-DEW-MG-NFI-087,-,,0,0,NOTIFICATION FOR INSPECTION Material Upgradation of 3.1 Certified Material- Test Witnessing,NOT_MATCHED,,,,,no QE document carries any of this row's identifiers
562,DANEM,DEW-5718-T-524,DEW-MG-QAQC-CV-0003,-,,0,0,CV of QA/QC Inspector-Welding /Coating (Mr. JITHIN JOSEPH),NOT_MATCHED,,,,,no QE document carries any of this row's identifiers
563,DANEM,DEW-5718-T-525,4391-DEW-MG-NFI-088,-,,0,0,"NOTIFICATION FOR INSPECTION PQT FOR APPLICATOR QUALIFICATION ON ASTM D 4228 TEST PANEL AS PER QP-SPC-L-002 REV.2 COATING SCHEDULE 1UN,6,7,9",NOT_MATCHED,,,,,no QE document carries any of this row's identifiers
564,DANEM,DEW-5718-T-525,4391-DEW-MG-NFI-089,-,,0,0,NOTIFICATION FOR INSPECTION MIR FOR PIPE AND PIPE FITTINGS,NOT_MATCHED,,,,,no QE document carries any of this row's identifiers
565,DANEM,DEW-5718-T-526,4391-RFI-DEW-0185,-,,0,0,REQUEST FOR INSPECTION (Fit-up Inspection of Curb Angle T-8948),NOT_MATCHED,,,,,no QE document carries any of this row's identifiers
566,DANEM,DEW-5718-T-526,4391-RFI-DEW-0181,-,,0,0,REQUEST FOR INSPECTION (DPI Inspection of RT Weld repair area of shell plate Vertical joint (HJ 01)),NOT_MATCHED,,,,,no QE document carries any of this row's identifiers
567,DANEM,DEW-5718-T-526,4391-RFI-DEW-0182,-,,0,0,REQUEST FOR INSPECTION (DPI Inspection of RT Weld repair area of shell plate Vertical joint (SS1VJ 01)),NOT_MATCHED,,,,,no QE document carries any of this row's identifiers
568,DANEM,DEW-5718-T-526,4391-RFI-DEW-0183,-,,0,0,REQUEST FOR INSPECTION (Weld visual Inspection of RT Weld repair area of shell plate Vertical joint (HJ 01)),NOT_MATCHED,,,,,no QE document carries any of this row's identifiers
569,DANEM,DEW-5718-T-526,4391-RFI-DEW-0184,-,,0,0,REQUEST FOR INSPECTION (Weld Visual Inspection of RT Weld repair area of shell plate Vertical joint (SS1VJ 01)),NOT_MATCHED,,,,,no QE document carries any of this row's identifiers
570,DANEM,DEW-5718-T-529,4391-RFI-DEW-0186,-,,0,0,REQUEST FOR INSPECTION (Weld visual inspection of Curb angle T-8949),NOT_MATCHED,,,,,no QE document carries any of this row's identifiers
571,DANEM,DEW-5718-T-529,4391-RFI-DEW-0187,-,,0,0,REQUEST FOR INSPECTION (MPI Inspection of welded joints in Curb angle T-8949),NOT_MATCHED,,,,,no QE document carries any of this row's identifiers
572,DANEM,DEW-5718-T-532,4391-RFI-DEW-0188,-,,0,0,REQUEST FOR INSPECTION (MPI Inspection of Temporary attachments removal area in shell plate (SS1&SS2) of T-8952B),NOT_MATCHED,,,,,no QE document carries any of this row's identifiers
573,DANEM,DEW-5718-T-556,DEW-5718-WPR-0045,-,,0,0,WEEKLY PROGRESS REPORT-0045 DANEM ENGINEERING-STORAGE TANKS WORK,NOT_MATCHED,,,,,no QE document carries any of this row's identifiers
574,DANEM,DEW-5718-T-556,DEW-5718-WPR-0046,-,,0,0,WEEKLY PROGRESS REPORT-0046 DANEM ENGINEERING-STORAGE TANKS WORK,NOT_MATCHED,,,,,no QE document carries any of this row's identifiers
575,DANEM,DEW-5718-T-578,DEW-5718-WPR-0047,-,,0,0,WEEKLY PROGRESS REPORT-0047 DANEM ENGINEERING-STORAGE TANKS WORK,NOT_MATCHED,,,,,no QE document carries any of this row's identifiers
576,DANEM,DEW-5718-T-589,DEW-5718-WPR-0048,-,,0,0,WEEKLY PROGRESS REPORT-0048 DANEM ENGINEERING-STORAGE TANKS WORK,NOT_MATCHED,,,,,no QE document carries any of this row's identifiers
577,DANEM,DEW-5718-T-594,DEW-5718-MPR-0010,-,,0,0,MONTHLY PROGRESS REPORT-0010 DANEM ENGINEERING-STORAGE TANKS WORKS,NOT_MATCHED,,,,,no QE document carries any of this row's identifiers
578,DANEM,DEW-5718-T-602,DEW-5718-WPR-0049,-,,0,0,WEEKLY PROGRESS REPORT-0049 DANEM ENGINEERING-STORAGE TANKS WORK,NOT_MATCHED,,,,,no QE document carries any of this row's identifiers
579,DANEM,DEW-5718-T-620,DEW-5718-WPR-0050,-,,0,0,WEEKLY PROGRESS REPORT-0050 DANEM ENGINEERING-STORAGE TANKS WORK,NOT_MATCHED,,,,,no QE document carries any of this row's identifiers
580,DANEM,DEW-5718-T-626,DEW-MG-QAQC-CV-0004,-,,0,0,CV of QA/QC Inspector for Tank Shop Fabrication (Mr. PRAVEEN BABU),NOT_MATCHED,,,,,no QE document carries any of this row's identifiers
581,DANEM,DEW-5718-T-631,DEW-5718-WPR-0051,-,,0,0,WEEKLY PROGRESS REPORT-0051 DANEM ENGINEERING-STORAGE TANKS WORK,NOT_MATCHED,,,,,no QE document carries any of this row's identifiers
582,AIM,AIM-TN-0026,AIM-2240449-003,-,,0,0,MONTHLY PROGRESS REPORT - AUG 2024,NOT_MATCHED,,,,,no QE document carries any of this row's identifiers
583,TEBODIN,TL-0017,4391-MOM-0143,,,,,WEEKLY PROGRESS MEETING FOR TEBODIN-0002,EXACT,EXACT,VENDOR_DOCUMENT_NO,4391-MOM-0143,,exact match on VENDOR_DOCUMENT_NO
584,DANEM,DEW-5718-T-645,DEW-5718-WPR-0052,-,,0,0,WEEKLY PROGRESS REPORT-0052 DANEM ENGINEERING-STORAGE TANKS WORK,NOT_MATCHED,,,,,no QE document carries any of this row's identifiers
585,DANEM,DEW-5718-T-647,DEW-5718-MPR-0011,-,,0,0,MONTHLY PROGRESS REPORT-0011 DANEM ENGINEERING-STORAGE TANKS WORKS,NOT_MATCHED,,,,,no QE document carries any of this row's identifiers
586,DANEM,DEW-5718-T-660,DEW-5718-WPR-0053,-,,0,0,WEEKLY PROGRESS REPORT-0053 DANEM ENGINEERING-STORAGE TANKS WORK,NOT_MATCHED,,,,,no QE document carries any of this row's identifiers
587,DANEM,DEW-5718-T-668,DEW-5718-WPR-0054,-,,0,0,WEEKLY PROGRESS REPORT-0054 DANEM ENGINEERING-STORAGE TANKS WORK,NOT_MATCHED,,,,,no QE document carries any of this row's identifiers
588,DANEM,DEW-5718-T-669,DEW-5718-WPR-0055,-,,0,0,WEEKLY PROGRESS REPORT-0054 DANEM ENGINEERING-STORAGE TANKS WORK,NOT_MATCHED,,,,,no QE document carries any of this row's identifiers
589,DANEM,DEW-5718-T-701,DEW-5718-WPR-0056,-,,0,0,WEEKLY PROGRESS REPORT-0056 DANEM ENGINEERING-STORAGE TANKS WORK,NOT_MATCHED,,,,,no QE document carries any of this row's identifiers
590,AIM,AIM-TN-0033,AIM-2240449-003,,,0,0,MONTHLY PROGRESS REPORT - Sep 2024,NOT_MATCHED,,,,,no QE document carries any of this row's identifiers
591,DANEM,DEW-5718-T-715,DEW-5718-MPR-0012,-,,0,0,MONTHLY PROGRESS REPORT-0012 DANEM ENGINEERING-STORAGE TANKS WORKS,NOT_MATCHED,,,,,no QE document carries any of this row's identifiers
592,DANEM,DEW-5718-T-739,DEW-5718-WPR-0056,-,,0,0,WEEKLY PROGRESS REPORT-0057 DANEM ENGINEERING-STORAGE TANKS WORK,NOT_MATCHED,,,,,no QE document carries any of this row's identifiers
593,DANEM,DEW-5718-T-792,DEW-5718-WPR-0062,-,,0,0,WEEKLY PROGRESS REPORT-0062 DANEM ENGINEERING-STORAGE TANKS WORK,NOT_MATCHED,,,,,no QE document carries any of this row's identifiers
594,DANEM,DEW-5718-T-865,DEW-5718-WPR-0065,-,,0,0,WEEKLY PROGRESS REPORT-0065 DANEM ENGINEERING-STORAGE TANKS WORK,NOT_MATCHED,,,,,no QE document carries any of this row's identifiers
595,DANEM,DEW-5718-T-839,DEW-5718-WPR-0066,,,0,0,WEEKLY PROGRESS REPORT-0066 DANEM ENGINEERING-STORAGE TANKS WORK,NOT_MATCHED,,,,,no QE document carries any of this row's identifiers
596,AIM,AIM-TN-0039,AIM-2240449-003,,,0,0,MONTHLY PROGRESS REPORT - Nov 2024,NOT_MATCHED,,,,,no QE document carries any of this row's identifiers
597,AIM,AIM-TN-0045,AIM-2240449-003,,,1,1,MONTHLY PROGRESS REPORT - Dec 2024,NOT_MATCHED,,,,,no QE document carries any of this row's identifiers
598,DANEM,DEW-5718-T-882,DEW-5718-WPR-0067,,,0,0,WEEKLY PROGRESS REPORT-0067 DANEM ENGINEERING-STORAGE TANKS WORK,NOT_MATCHED,,,,,no QE document carries any of this row's identifiers
599,DANEM,DEW-5718-T-882,DEW-5718-WPR-0068,,,0,0,WEEKLY PROGRESS REPORT-0068 DANEM ENGINEERING-STORAGE TANKS WORK,NOT_MATCHED,,,,,no QE document carries any of this row's identifiers
600,DANEM,DEW-5718-T-882,DEW-5718-WPR-0069,,,0,0,WEEKLY PROGRESS REPORT-0069 DANEM ENGINEERING-STORAGE TANKS WORK,NOT_MATCHED,,,,,no QE document carries any of this row's identifiers
601,DANEM,DEW-5718-T-882,DEW-5718-WPR-0070,,,0,0,WEEKLY PROGRESS REPORT-0070 DANEM ENGINEERING-STORAGE TANKS WORK,NOT_MATCHED,,,,,no QE document carries any of this row's identifiers
